{
  "name": "C80_no_RGB",
  "vendorId": "0x4321",
  "productId": "0x0014",
  "customKeycodes": [
    {
      "name": "Windows\nFN",
      "title": "windows\u7cfb\u7edfFn\u952e",
      "shortName": "Windows\nFN"
    },
    {
      "name": "MACOS\nFN",
      "title": "macos\u7cfb\u7edfFn\u952e",
      "shortName": "MACOS\nFN"
    },
    {
      "name": "\u0057\u0069\u006e\u952e\u5f00\u5173\u5207\u6362",
      "title": "\u5207\u6362\u0057\u0069\u006e\u952e\u7684\u5f00\u5173\u72b6\u6001",
      "shortName": "\u0057\u0069\u006e\u5f00\u5173"
    }
    ,
    {
    "name": "\u6e05\u7a7a\u8bbe\u7f6e",
    "title": "\u8fd8\u539f\u5230\u51fa\u5382\u7684\u9ed8\u8ba4\u8bbe\u7f6e",
    "shortName": "\u6e05\u7a7a\u8bbe\u7f6e"
    }
    ,
    {
      "name": "D5U6",
      "title": "\u5c06\u6b64\u952e\u8bbe\u7f6e\u5728\u975e\u7b2c\u4e94\u7b2c\u516d\u5c42\uff0c\u6309\u4e0b\u89e6\u53d1\u7b2c\u4e94\u5c42\u5bf9\u5e94\u4f4d\u7f6e\u7684\u6309\u952e\uff0c\u677e\u5f00\u89e6\u53d1\u7b2c\u516d\u5c42\u5bf9\u5e94\u4f4d\u7f6e\u7684\u6309\u952e",
      "shortName": "D5U6"
  }
  ],
  "keycodes": ["qmk_lighting"],
  "menus": [
    {
      "label": "Lighting",
      "content": [
        {
          "label": "Backlight",
          "content": [
            {
              "label": "Brightness",
              "type": "range",
              "options": [0, 255],
              "content": ["id_qmk_rgb_matrix_brightness", 3, 1]
            },
            {
              "label": "Effect",
              "type": "dropdown",
              "content": ["id_qmk_rgb_matrix_effect", 3, 2],
              "options": [
                "All Off",
                "Solid Color",
                "Gradient Left/Right",
                "Breathing",
                "Band Sat.",
                "Band Val.",
                "Pinwheel Sat.",
                "Pinwheel Val.",
                "Spiral Sat.",
                "Spiral Val.",
                "Cycle All",
                "Cycle Left/Right",
                "Cycle Up/Down",
                "Rainbow Moving Chevron",
                "Cycle Out/In",
                "Cycle Out/In Dual",
                "Cycle Pinwheel",
                "Cycle Spiral",
                "Dual Beacon",
                "Rainbow Beacon",
                "Rainbow Pinwheels",
                "Raindrops",
                "Jellybean Raindrops",
                "Hue Breathing",
                "Hue Pendulum",
                "Hue Wave",
                "Pixel Rain",
                "Pixel Flow"
              ]
            },
            {
              "showIf": "{id_qmk_rgb_matrix_effect} != 0",
              "label": "Effect Speed",
              "type": "range",
              "options": [0, 255],
              "content": ["id_qmk_rgb_matrix_effect_speed", 3, 3]
            },
            {
              "showIf": "{id_qmk_rgb_matrix_effect} != 0 && {id_qmk_rgb_matrix_effect} != 24 && {id_qmk_rgb_matrix_effect} != 28 && {id_qmk_rgb_matrix_effect} != 29 && {id_qmk_rgb_matrix_effect} != 32",
              "label": "Color",
              "type": "color",
              "content": ["id_qmk_rgb_matrix_color", 3, 4]
            }
          ]
        },
        {
              "label": "\u6307\u793a\u706f",
              "content": [
                {
                  "label": "\u6307\u793a\u706f\u5e38\u4eae",
                  "type": "toggle",
                  "content": [
                    "id_rgb_indicators_override",
                    6,
                    1
                  ]
                },
                {
                  "showIf": "{id_rgb_indicators_effect1} != 0",
                  "label": "Caps Lock \u4eae\u5ea6",
                  "type": "range",
                  "options": [
                    0,
                    220
                  ],
                  "content": [
                    "id_rgb_indicators_brightness[1]",
                    6,
                    2,
                    1
                  ]
                },
                {
                  "label": "Caps Lock \u706f\u6548",
                  "type": "dropdown",
                  "content": [
                    "id_rgb_indicators_effect1",
                    6,
                    3,
                    1
                  ],
                  "options": [
                    ["\u5173\u95ed", 0],
                    ["\u9759\u6001\u5355\u8272", 1],
                    ["\u5355\u8272\u547c\u5438", 2],
                    ["\u5faa\u73af\u547c\u5438", 3],
                    ["\u5f69\u8679\u5faa\u73af", 4],
                    ["\u968f\u673a\u53d8\u6362", 5],
                    ["\u968f\u673a\u8272\u5f69", 6]
                  ]
                },
                {
                  "showIf": "{id_rgb_indicators_effect1} != 0",
                  "label": "Caps Lock \u706f\u73e0",
                  "type": "dropdown",
                  "content": [
                    "id_rgb_indicators_led[1]",
                    6,
                    5,
                    1
                  ],
                  "options": [
                    [
                      "\u5168\u90e8\u706f\u73e0",
                      0
                    ],
                    [
                      "Led 0",
                      4
                    ],
                    [
                      "Led 1",
                      5
                    ],
                    [
                      "Led 2",
                      6
                    ],
                    [
                      "Led 3",
                      7
                    ],
                    [
                      "Led 4",
                      8
                    ],
                    [
                      "Led 5",
                      9
                    ],
                    [
                      "Led 6",
                      10
                    ]
                  ]
                },
                {
                  "showIf": "{id_rgb_indicators_effect1} != 0",
                  "label": "Caps Lock \u989c\u8272",
                  "type": "color",
                  "content": [
                    "id_rgb_indicators_color[1]",
                    6,
                    4,
                    1
                  ]
                },
                {
                  "showIf": "{id_rgb_indicators_effect0} != 0",
                  "label": "Num Lock \u4eae\u5ea6",
                  "type": "range",
                  "options": [
                    0,
                    220
                  ],
                  "content": [
                    "id_rgb_indicators_brightness[0]",
                    6,
                    2,
                    0
                  ]
                },
                {
                  "label": "Num Lock \u706f\u6548",
                  "type": "dropdown",
                  "content": [
                    "id_rgb_indicators_effect0",
                    6,
                    3,
                    0
                  ],
                  "options": [
                    ["\u5173\u95ed", 0],
                    ["\u9759\u6001\u5355\u8272", 1],
                    ["\u5355\u8272\u547c\u5438", 2],
                    ["\u5faa\u73af\u547c\u5438", 3],
                    ["\u5f69\u8679\u5faa\u73af", 4],
                    ["\u968f\u673a\u53d8\u6362", 5],
                    ["\u968f\u673a\u8272\u5f69", 6]
                  ]
                },
                {
                  "showIf": "{id_rgb_indicators_effect0} != 0",
                  "label": "Num Lock \u706f\u73e0",
                  "type": "dropdown",
                  "content": [
                    "id_rgb_indicators_led[0]",
                    6,
                    5,
                    0
                  ],
                  "options": [
                    [
                      "\u5168\u90e8\u706f\u73e0",
                      0
                    ],
                    [
                      "Led 0",
                      4
                    ],
                    [
                      "Led 1",
                      5
                    ],
                    [
                      "Led 2",
                      6
                    ],
                    [
                      "Led 3",
                      7
                    ],
                    [
                      "Led 4",
                      8
                    ],
                    [
                      "Led 5",
                      9
                    ],
                    [
                      "Led 6",
                      10
                    ]
                  ]
                },
                {
                  "showIf": "{id_rgb_indicators_effect0} != 0",
                  "label": "Num Lock \u989c\u8272",
                  "type": "color",
                  "content": [
                    "id_rgb_indicators_color[0]",
                    6,
                    4,
                    0
                  ]
                },
                {
                  "showIf": "{id_rgb_indicators_effect2} != 0",
                  "label": "Scroll Lock \u4eae\u5ea6",
                  "type": "range",
                  "options": [
                    0,
                    220
                  ],
                  "content": [
                    "id_rgb_indicators_brightness[2]",
                    6,
                    2,
                    2
                  ]
                },
                {
                  "label": "Scroll Lock \u706f\u6548",
                  "type": "dropdown",
                  "content": [
                    "id_rgb_indicators_effect2",
                    6,
                    3,
                    2
                  ],
                  "options": [
                    ["\u5173\u95ed", 0],
            ["\u9759\u6001\u5355\u8272", 1],
            ["\u5355\u8272\u547c\u5438", 2],
            ["\u5faa\u73af\u547c\u5438", 3],
            ["\u5f69\u8679\u5faa\u73af", 4],
            ["\u968f\u673a\u53d8\u6362", 5],
            ["\u968f\u673a\u8272\u5f69", 6]
                  ]
                },
                {
                  "showIf": "{id_rgb_indicators_effect2} != 0",
                  "label": "Scroll Lock Led",
                  "type": "dropdown",
                  "content": [
                    "id_rgb_indicators_led[2]",
                    6,
                    5,
                    2
                  ],
                  "options": [
                    [
                      "\u5168\u90e8\u706f\u73e0",
                      0
                    ],
                    [
                      "Led 0",
                      4
                    ],
                    [
                      "Led 1",
                      5
                    ],
                    [
                      "Led 2",
                      6
                    ],
                    [
                      "Led 3",
                      7
                    ],
                    [
                      "Led 4",
                      8
                    ],
                    [
                      "Led 5",
                      9
                    ],
                    [
                      "Led 6",
                      10
                    ]
                  ]
                },
                {
                  "showIf": "{id_rgb_indicators_effect2} != 0",
                  "label": "Scroll Lock \u989c\u8272",
                  "type": "color",
                  "content": [
                    "id_rgb_indicators_color[2]",
                    6,
                    4,
                    2
                  ]
                }
                ,
                {
                  "showIf": "{id_rgb_indicators_effect3} != 0",
                  "label": "Layer 1 \u4eae\u5ea6",
                  "type": "range",
                  "options": [
                    0,
                    255
                  ],
                  "content": [
                    "id_rgb_indicators_brightness[3]",
                    6,
                    2,
                    3
                  ]
                },
                {
                  "label": "Layer 1 \u706f\u6548",
                  "type": "dropdown",
                  "content": [
                    "id_rgb_indicators_effect3",
                    6,
                    3,
                    3
                  ],
                  "options": [
                    ["\u5173\u95ed", 0],
                    ["\u9759\u6001\u5355\u8272", 1],
                    ["\u5355\u8272\u547c\u5438", 2],
                    ["\u5faa\u73af\u547c\u5438", 3],
                    ["\u5f69\u8679\u5faa\u73af", 4],
                    ["\u968f\u673a\u53d8\u6362", 5],
                    ["\u968f\u673a\u8272\u5f69", 6]
                  ]
                },
                {
                  "showIf": "{id_rgb_indicators_effect3} != 0",
                  "label": "Layer 1 \u706f\u73e0",
                  "type": "dropdown",
                  "content": [
                    "id_rgb_indicators_led[3]",
                    6,
                    5,
                    3
                  ],
                  "options": [
                    [
                      "\u5168\u90e8\u706f\u73e0",
                      0
                    ],
                    [
                      "Led 0",
                      4
                    ],
                    [
                      "Led 1",
                      5
                    ],
                    [
                      "Led 2",
                      6
                    ],
                    [
                      "Led 3",
                      7
                    ],
                    [
                      "Led 4",
                      8
                    ],
                    [
                      "Led 5",
                      9
                    ],
                    [
                      "Led 6",
                      10
                    ]
                  ]
                },
                {
                  "showIf": "{id_rgb_indicators_effect3} != 0",
                  "label": "Layer 1 \u989c\u8272",
                  "type": "color",
                  "content": [
                    "id_rgb_indicators_color[3]",
                    6,
                    4,
                    3
                  ]
                },
                {
                  "showIf": "{id_rgb_indicators_effect4} != 0",
                  "label": "Layer 2 \u4eae\u5ea6",
                  "type": "range",
                  "options": [
                    0,
                    255
                  ],
                  "content": [
                    "id_rgb_indicators_brightness[4]",
                    6,
                    2,
                    4
                  ]
                },
                {
                  "label": "Layer 2 \u706f\u6548",
                  "type": "dropdown",
                  "content": [
                    "id_rgb_indicators_effect4",
                    6,
                    3,
                    4
                  ],
                  "options": [
                    ["\u5173\u95ed", 0],
                    ["\u9759\u6001\u5355\u8272", 1],
                    ["\u5355\u8272\u547c\u5438", 2],
                    ["\u5faa\u73af\u547c\u5438", 3],
                    ["\u5f69\u8679\u5faa\u73af", 4],
                    ["\u968f\u673a\u53d8\u6362", 5],
                    ["\u968f\u673a\u8272\u5f69", 6]
                  ]
                },
                {
                  "showIf": "{id_rgb_indicators_effect4} != 0",
                  "label": "Layer 2 \u706f\u73e0",
                  "type": "dropdown",
                  "content": [
                    "id_rgb_indicators_led[4]",
                    6,
                    5,
                    4
                  ],
                  "options": [
                    [
                      "\u5168\u90e8\u706f\u73e0",
                      0
                    ],
                    [
                      "Led 0",
                      4
                    ],
                    [
                      "Led 1",
                      5
                    ],
                    [
                      "Led 2",
                      6
                    ],
                    [
                      "Led 3",
                      7
                    ],
                    [
                      "Led 4",
                      8
                    ],
                    [
                      "Led 5",
                      9
                    ],
                    [
                      "Led 6",
                      10
                    ]
                  ]
                },
                {
                  "showIf": "{id_rgb_indicators_effect4} != 0",
                  "label": "Layer 2 \u989c\u8272",
                  "type": "color",
                  "content": [
                    "id_rgb_indicators_color[4]",
                    6,
                    4,
                    4
                  ]
                },
                {
                  "showIf": "{id_rgb_indicators_effect5} != 0",
                  "label": "Layer 3 \u4eae\u5ea6",
                  "type": "range",
                  "options": [
                    0,
                    255
                  ],
                  "content": [
                    "id_rgb_indicators_brightness[5]",
                    6,
                    2,
                    5
                  ]
                },
                {
                  "label": "Layer 3 \u706f\u6548",
                  "type": "dropdown",
                  "content": [
                    "id_rgb_indicators_effect5",
                    6,
                    3,
                    5
                  ],
                  "options": [
                    ["\u5173\u95ed", 0],
                    ["\u9759\u6001\u5355\u8272", 1],
                    ["\u5355\u8272\u547c\u5438", 2],
                    ["\u5faa\u73af\u547c\u5438", 3],
                    ["\u5f69\u8679\u5faa\u73af", 4],
                    ["\u968f\u673a\u53d8\u6362", 5],
                    ["\u968f\u673a\u8272\u5f69", 6]
                  ]
                },
                {
                  "showIf": "{id_rgb_indicators_effect5} != 0",
                  "label": "Layer 3 \u706f\u73e0",
                  "type": "dropdown",
                  "content": [
                    "id_rgb_indicators_led[5]",
                    6,
                    5,
                    5
                  ],
                  "options": [
                    [
                      "\u5168\u90e8\u706f\u73e0",
                      0
                    ],
                    [
                      "Led 0",
                      4
                    ],
                    [
                      "Led 1",
                      5
                    ],
                    [
                      "Led 2",
                      6
                    ],
                    [
                      "Led 3",
                      7
                    ],
                    [
                      "Led 4",
                      8
                    ],
                    [
                      "Led 5",
                      9
                    ],
                    [
                      "Led 6",
                      10
                    ]
                  ]
                },
                {
                  "showIf": "{id_rgb_indicators_effect5} != 0",
                  "label": "Layer 3 \u989c\u8272",
                  "type": "color",
                  "content": [
                    "id_rgb_indicators_color[5]",
                    6,
                    4,
                    5
                  ]
                },
                {
                  "showIf": "{id_rgb_indicators_effect6} != 0",
                  "label": "Layer 4 \u4eae\u5ea6",
                  "type": "range",
                  "options": [
                    0,
                    255
                  ],
                  "content": [
                    "id_rgb_indicators_brightness[6]",
                    6,
                    2,
                    6
                  ]
                },
                {
                  "label": "Layer 4 \u706f\u6548",
                  "type": "dropdown",
                  "content": [
                    "id_rgb_indicators_effect6",
                    6,
                    3,
                    6
                  ],
                  "options": [
                    ["\u5173\u95ed", 0],
                    ["\u9759\u6001\u5355\u8272", 1],
                    ["\u5355\u8272\u547c\u5438", 2],
                    ["\u5faa\u73af\u547c\u5438", 3],
                    ["\u5f69\u8679\u5faa\u73af", 4],
                    ["\u968f\u673a\u53d8\u6362", 5],
                    ["\u968f\u673a\u8272\u5f69", 6]
                  ]
                },
                {
                  "showIf": "{id_rgb_indicators_effect6} != 0",
                  "label": "Layer 4 \u706f\u73e0",
                  "type": "dropdown",
                  "content": [
                    "id_rgb_indicators_led[6]",
                    6,
                    5,
                    6
                  ],
                  "options": [
                    [
                      "\u5168\u90e8\u706f\u73e0",
                      0
                    ],
                    [
                      "Led 0",
                      4
                    ],
                    [
                      "Led 1",
                      5
                    ],
                    [
                      "Led 2",
                      6
                    ],
                    [
                      "Led 3",
                      7
                    ],
                    [
                      "Led 4",
                      8
                    ],
                    [
                      "Led 5",
                      9
                    ],
                    [
                      "Led 6",
                      10
                    ]
                  ]
                },
                {
                  "showIf": "{id_rgb_indicators_effect6} != 0",
                  "label": "Layer 4 \u989c\u8272",
                  "type": "color",
                  "content": [
                    "id_rgb_indicators_color[6]",
                    6,
                    4,
                    6
                  ]
                }
              ]
        }        
      ]
    },
    {
      "label": "Magic\u8bbe\u7f6e",
      "content": [
        {
          "label": "\u952e\u76d8\u8bbe\u7f6e",
          "content": [
            {
              "label": "\u91cd\u7f6e\u5168\u90e8\u8bbe\u7f6e",
              "type": "toggle",
              "content": ["id_advanced_magic_settings_reset", 8, 0]
            },
            {
              "label": "\u6d88\u6296\u65f6\u95f4",
              "type": "dropdown",
              "options": [
                ["0ms", 0],
                ["1ms", 1],
                ["2ms", 2],
                ["3ms", 3],
                ["4ms", 4],
                ["5ms", 5],
                ["6ms", 6],
                ["7ms", 7],
                ["8ms", 8],
                ["9ms", 9],
                ["10ms", 10],
                ["15ms", 15],
                ["20ms", 20],
                ["30ms", 30],
                ["40ms", 40],
                ["50ms", 50],
                ["70ms", 70],
                ["80ms", 80],
                ["90ms", 90],
                ["100ms", 100],
                ["150ms", 150],
                ["200ms", 200],
                ["250ms", 250]               
              ],
              "content": [
                "id_advanced_magic_debounce",
                8,
                1
              ]
            }
          ]
        },
        {
          "label": "Magic\u8bbe\u7f6e",
          "content": [
              {
                  "label": "\u5f00\u542f\u5168\u952e\u65e0\u51b2",
                  "type": "toggle",
                  "content": ["id_magic_nkro", 7, 1]
              },
              {
                  "label": "\u9501\u5b9aGui\u952e",
                  "type": "toggle",
                  "content": ["id_magic_no_gui", 7, 2]
              },
              {
                  "label": "Caps\u952e\u89c6\u4e3aCtrl\u952e",
                  "type": "toggle",
                  "content": ["id_magic_capslock_to_control", 7, 3]
              },
              {
                  "label": "\u4ea4\u6362Ctrl\u548cCaps\u952e",
                  "type": "toggle",
                  "content": ["id_magic_swap_control_capslock", 7, 4]
              },
              {
                  "label": "\u4ea4\u6362ESC\u548cCaps\u952e",
                  "type": "toggle",
                  "content": ["id_magic_swap_escape_capslock", 7, 5]
              },
              {
                  "label": "\u4ea4\u6362LAlt\u548cLGui\u952e",
                  "type": "toggle",
                  "content": ["id_magic_swap_lalt_lgui", 7, 6]
              },
              {
                  "label": "\u4ea4\u6362RAlt\u548cRGui\u952e",
                  "type": "toggle",
                  "content": ["id_magic_swap_ralt_rgui", 7, 7]
              },
              {
                  "label": "\u4ea4\u6362LCtrl\u548cLGui\u952e",
                  "type": "toggle",
                  "content": ["id_magic_swap_lctl_lgui", 7, 8]
              },
              {
                  "label": "\u4ea4\u6362RCtrl\u548cRGui\u952e",
                  "type": "toggle",
                  "content": ["id_magic_swap_rctl_rgui", 7, 9]
              },
              {
                  "label": "\u4ea4\u6362 ` \u548c Esc\u952e",
                  "type": "toggle",
                  "content": ["id_magic_swap_grave_esc", 7, 10]
              },
              {
                  "label": "\u4ea4\u6362 \\ \u548c Backspace\u952e",
                  "type": "toggle",
                  "content": ["id_magic_swap_backslash_backspace", 7, 11]
              },
              {
                  "label": "\u542f\u7528Oneshot",
                  "type": "toggle",
                  "content": ["id_magic_oneshot_enable", 7, 12]
              },
              {
                  "label": "\u542f\u7528\u81ea\u52a8\u6821\u6b63",
                  "type": "toggle",
                  "content": ["id_magic_autocorrect_enable", 7, 13]
              }
          ]
      },
        {
          "label": "Grave Esc\u8bbe\u7f6e",
          "content": [
              {
                  "label": "Alt\u952e\u6309\u4e0b\u65f6\u53d1\u9001Esc\u6309\u952e",
                  "type": "toggle",
                  "content": ["id_advanced_magic_grave_esc_override[0]", 8, 11, 0]
              },
              {
                  "label": "Ctrl\u952e\u6309\u4e0b\u65f6\u53d1\u9001Esc\u6309\u952e",
                  "type": "toggle",
                  "content": ["id_advanced_magic_grave_esc_override[1]", 8, 11, 1]
              },
              {
                  "label": "Gui\u952e\u6309\u4e0b\u65f6\u53d1\u9001Esc\u6309\u952e",
                  "type": "toggle",
                  "content": ["id_advanced_magic_grave_esc_override[2]", 8, 11, 2]
              },
              {
                  "label": "Shift\u952e\u6309\u4e0b\u65f6\u53d1\u9001Esc\u6309\u952e",
                  "type": "toggle",
                  "content": ["id_advanced_magic_grave_esc_override[3]", 8, 11, 3]
              }
          ]
      },
      {
        "label": "\u5355\u51fb\u957f\u6309\u8bbe\u7f6e",
        "content": [
            {
                "label": "\u5141\u8bb8\u5355\u51fb\u89e6\u53d1\u957f\u6309\u5207\u5c42\u952e",
                "type": "toggle",
                "content": ["id_advanced_magic_tap_hold_config[0]", 8, 12, 0]
            },
            {
                "label": "\u957f\u6309\u5207\u5c42\u540e\u65e0\u52a8\u4f5c\u5219\u53d1\u9001\u70b9\u51fb\u952e\u503c",
                "type": "toggle",
                "content": ["id_advanced_magic_tap_hold_config[1]", 8, 12, 1]
            },
            {
                "label": "\u5176\u4ed6\u952e\u6309\u4e0b\u540e\u4fdd\u6301\u5207\u5c42",
                "type": "toggle",
                "content": ["id_advanced_magic_tap_hold_config[2]", 8, 12, 2]
            },
            {
                "label": "\u7b2cN\u6b21\u70b9\u51fb\u89e6\u53d1\u957f\u6309\u529f\u80fd",
                "type": "range",
                "options": [0, 255],
                "content": ["id_advanced_magic_tapping_toggle_times", 8, 13]
            },
            {
                "label": "\u5355\u51fb\u5224\u5b9a\u65f6\u95f4(ms)",
                "type": "range",
                "options": [0, 9999],
                "content": ["id_advanced_magic_tapping_term", 8, 14]
            },
            {
                "label": "\u5feb\u901f\u5355\u51fb\u5224\u5b9a\u65f6\u95f4(ms)",
                "type": "range",
                "options": [0, 9999],
                "content": ["id_advanced_magic_quick_tap_term", 8, 15]
            },
            {
                "label": "\u6309\u4e0b\u4e0e\u91ca\u653e\u952e\u95f4\u5ef6\u8fdf\u65f6\u95f4(ms)",
                "type": "range",
                "options": [0, 9999],
                "content": ["id_advanced_magic_tap_code_delay", 8, 16]
            },
            {
                "label": "Caps\u952e\u6fc0\u6d3b\u5ef6\u8fdf\u65f6\u95f4(ms)",
                "type": "range",
                "options": [0, 9999],
                "content": ["id_advanced_magic_tap_hold_caps_delay", 8, 17]
            }
        ]
    },
        {
          "label": "OneShot\u8bbe\u7f6e",
          "content": [
              {
                  "label": "\u542f\u7528Oneshot",
                  "type": "toggle",
                  "content": ["id_magic_oneshot_enable", 7, 12]
              },
              {
                  "showIf": "{id_magic_oneshot_enable} != 0",
                  "label": "Oneshot\u7684\u6709\u6548\u6309\u952e\u6b21\u6570",
                  "type": "range",
                  "options": [0, 255],
                  "content": ["id_advanced_magic_oneshot_tap_toggle", 8, 20]
              },
              {
                  "showIf": "{id_magic_oneshot_enable} != 0",
                  "label": "Oneshot\u91ca\u653e\u65f6\u95f4",
                  "type": "range",
                  "options": [0, 9999],
                  "content": ["id_advanced_magic_oneshot_timeout", 8, 21]
              }
          ]
      },
      {
        "label": "\u81ea\u52a8Shift\u8bbe\u7f6e",
        "content": [
            {
                "label": "\u542f\u7528\u81ea\u52a8Shift",
                "type": "toggle",
                "content": ["id_advanced_magic_auto_shift_config0", 8, 18, 0]
            },
            {
                "showIf": "{id_advanced_magic_auto_shift_config0} != 0",
                "label": "\u4fee\u9970\u952e\u542f\u7528",
                "type": "toggle",
                "content": ["id_advanced_magic_auto_shift_config[1]", 8, 18, 1]
            },
            {
                "showIf": "{id_advanced_magic_auto_shift_config0} != 0",
                "label": "\u5b57\u6bcd\u952e\u4e0d\u542f\u7528",
                "type": "toggle",
                "content": ["id_advanced_magic_auto_shift_config[2]", 8, 18, 2]
            },
            {
                "showIf": "{id_advanced_magic_auto_shift_config0} != 0",
                "label": "\u6570\u5b57\u952e\u4e0d\u542f\u7528",
                "type": "toggle",
                "content": ["id_advanced_magic_auto_shift_config[3]", 8, 18, 3]
            },
            {
                "showIf": "{id_advanced_magic_auto_shift_config0} != 0",
                "label": "\u7b26\u53f7\u952e\u4e0d\u542f\u7528",
                "type": "toggle",
                "content": ["id_advanced_magic_auto_shift_config[4]", 8, 18, 4]
            },
            {
                "showIf": "{id_advanced_magic_auto_shift_config0} != 0",
                "label": "\u542f\u7528\u957f\u6309\u529f\u80fd",
                "type": "toggle",
                "content": ["id_advanced_magic_auto_shift_config[5]", 8, 18, 5]
            },
            {
                "showIf": "{id_advanced_magic_auto_shift_config0} != 0",
                "label": "\u89e6\u53d1\u540e\u5173\u95ed\u957f\u6309\u529f\u80fd",
                "type": "toggle",
                "content": [
                    "id_advanced_magic_auto_shift_config[6]", 8, 18, 6]
            },
            {
                "showIf": "{id_advanced_magic_auto_shift_config0} != 0",
                "label": "\u81ea\u52a8Shift\u89e6\u53d1\u65f6\u95f4(ms)",
                "type": "range",
                "options": [0, 9999],
                "content": ["id_advanced_magic_auto_shift_timeout", 8, 17]
            }
        ]
    },
    {
      "label": "\u7ec4\u5408\u952e\u8bbe\u7f6e",
      "content": [
          {
              "label": "\u542f\u7528\u7ec4\u5408\u952e",
              "type": "toggle",
              "content": ["id_advanced_magic_combo_config0", 8, 22, 0]
          },
          {
              "showIf": "{id_advanced_magic_combo_config0} != 0",
              "label": "\u7ec4\u5408\u952e\u5728\u70b9\u51fb\u6216\u957f\u6309\u65f6\u89e6\u53d1",
              "type": "toggle",
              "content": ["id_advanced_magic_combo_config[1]", 8, 22, 1]
          },
          {
              "showIf": "{id_advanced_magic_combo_config0} != 0",
              "label": "\u7ec4\u5408\u952e\u4ec5\u5728\u70b9\u51fb\u65f6\u89e6\u53d1",
              "type": "toggle",
              "content": ["id_advanced_magic_combo_config[2]", 8, 22, 2]
          },
          {
              "showIf": "{id_advanced_magic_combo_config0} != 0",
              "label": "\u7ec4\u5408\u952e\u4ec5\u6309\u987a\u5e8f\u6309\u4e0b\u6309\u952e\u65f6\u89e6\u53d1",
              "type": "toggle",
              "content": ["id_advanced_magic_combo_config[3]", 8, 22, 3]
          },
          {
              "showIf": "{id_advanced_magic_combo_config0} != 0",
              "label": "\u7ec4\u5408\u952e\u5224\u5b9a\u65f6\u95f4(ms)",
              "type": "range",
              "options": [0, 9999],
              "content": ["id_advanced_magic_combo_term", 8, 23]
          },
          {
              "showIf": "{id_advanced_magic_combo_config0} != 0",
              "label": "\u7ec4\u5408\u952e\u957f\u6309\u5224\u5b9a\u65f6\u95f4(ms)",
              "type": "range",
              "options": [0, 9999],
              "content": ["id_advanced_magic_combo_hold_term", 8, 24]
          }
      ]
  },
        {
          "label": "\u9f20\u6807\u952e\u8bbe\u7f6e",
          "content": [
              {
                  "label": "\u6309\u4e0b\u79fb\u52a8\u952e\u548c\u5149\u6807\u79fb\u52a8\u4e4b\u95f4\u7684\u5ef6\u8fdf",
                  "type": "range",
                  "options": [0, 255],
                  "content": ["id_advanced_magic_mk_delay", 8, 2]
              },
              {
                  "label": "\u5149\u6807\u79fb\u52a8\u4e4b\u95f4\u7684\u95f4\u9694\u65f6\u95f4(ms)",
                  "type": "range",
                  "options": [0, 255],
                  "content": ["id_advanced_magic_mk_interval", 8, 3]
              },
              {
                  "label": "\u79fb\u52a8\u6b65\u957f",
                  "type": "range",
                  "options": [0, 255],
                  "content": ["id_advanced_magic_mk_move_delta", 8, 4]
              },
              {
                  "label": "\u5149\u6807\u505c\u6b62\u52a0\u901f\u65f6\u7684\u6700\u5927\u901f\u5ea6",
                  "type": "range",
                  "options": [0, 255],
                  "content": ["id_advanced_magic_mk_max_speed", 8, 5]
              },
              {
                  "label": "\u5149\u6807\u8fbe\u5230\u6700\u5927\u901f\u5ea6\u7684\u65f6\u95f4",
                  "type": "range",
                  "options": [0, 255],
                  "content": ["id_advanced_magic_mk_time_to_max", 8, 6]
              },
              {
                  "label": "\u6309\u4e0b\u6eda\u8f6e\u952e\u548c\u6eda\u8f6e\u79fb\u52a8\u4e4b\u95f4\u7684\u5ef6\u8fdf",
                  "type": "range",
                  "options": [0, 255],
                  "content": ["id_advanced_magic_mk_wheel_delay", 8, 7]
              },
              {
                  "label": "\u6eda\u8f6e\u79fb\u52a8\u4e4b\u95f4\u7684\u95f4\u9694\u65f6\u95f4(\u6beb\u79d2)",
                  "type": "range",
                  "options": [0, 255],
                  "content": ["id_advanced_magic_mk_wheel_interval", 8, 8]
              },
              {
                  "label": "\u6bcf\u6b21\u6eda\u8f6e\u52a8\u4f5c\u7684\u6700\u5927\u6eda\u8f6e\u6b65\u6570",
                  "type": "range",
                  "options": [0, 255],
                  "content": ["id_advanced_magic_mk_wheel_max_speed", 8, 9]
              },
              {
                  "label": "\u6eda\u8f6e\u8fbe\u5230\u6700\u5927\u6eda\u8f6e\u901f\u5ea6\u7684\u65f6\u95f4",
                  "type": "range",
                  "options": [0, 255],
                  "content": ["id_advanced_magic_mk_wheel_time_to_max", 8, 10]
              }
          ]
      },
      {
    "label": "win/mac\u8bbe\u7f6e",
    "content": [
        {
            "label": "\u952e\u76d8\u5c42\u81ea\u9002\u5e94\u7cfb\u7edf\u5207\u6362",
            "type": "toggle",
            "content": ["id_auto_switch_layers_reset", 11, 0]
        },
        {
            "label": "\u542f\u7528\u5c42\u81ea\u9002\u5e94\u7cfb\u7edf\u5207\u6362",
            "type": "toggle",
            "content": ["id_auto_switch_layers_config0", 11, 1, 0]
        },
        {
            "showIf": "{id_auto_switch_layers_config0} != 0",
            "label": "\u542f\u7528\u81ea\u52a8\u66f4\u65b0FN\u952e",
            "type": "toggle",
            "content": ["id_auto_switch_layers_config1", 11, 1, 1]
        },
        {
            "showIf": "{id_auto_switch_layers_config0} != 0",
            "label": "Windows\u5c42",
            "type": "dropdown",
            "content": ["id_auto_switch_layers_layer[0]", 11, 2, 0],
            "options": [
                ["\u5c420", 0],
                ["\u5c421", 1],
                ["\u5c422", 2],
                ["\u5c423", 3],
                ["\u5c424", 4],
                ["\u5c427", 7]
            ]
        },
        {
            "showIf": "{id_auto_switch_layers_config0} != 0",
            "label": "Windows Fn\u5c42",
            "type": "dropdown",
            "content": ["id_auto_switch_layers_layer[1]", 11, 2, 1],
            "options": [
              ["\u5c421", 1],
              ["\u5c422", 2],
              ["\u5c423", 3],
              ["\u5c424", 4]
            ]
        },
        {
            "showIf": "{id_auto_switch_layers_config0} != 0",
            "label": "Macos\u5c42",
            "type": "dropdown",
            "content": ["id_auto_switch_layers_layer[2]", 11, 2, 2],
            "options": [
              ["\u5c421", 1],
              ["\u5c422", 2],
              ["\u5c423", 3],
              ["\u5c424", 4],
              ["\u5c427", 7]
            ]
        },
        {
            "showIf": "{id_auto_switch_layers_config0} != 0",
            "label": "Macos Fn\u5c42",
            "type": "dropdown",
            "content": ["id_auto_switch_layers_layer[3]", 11, 2, 3],
            "options": [
              ["\u5c421", 1],
              ["\u5c422", 2],
              ["\u5c423", 3],
              ["\u5c424", 4]
            ]
        }
    ]
} 
      ]
    },
    {
      "label": "\u6309\u952e\u590d\u7528",
      "content": [
        {  
          "label": "\u91cd\u7f6e\u6309\u952e\u590d\u7528",
          "content": [
           {
             "label": "\u91cd\u7f6e\u5168\u90e8\u6309\u952e\u590d\u7528\uff08\u952e\u76d8\u91cd\u542f\u540e\u751f\u6548\uff09",
             "type": "toggle",
             "content": ["id_dynamic_tap_dance_reset", 9, 0]
         }
       ]
       } ,
        {
          "label": "\u6309\u952e\u590d\u7528(0)-0X5700",
          "content": [
            {
              "label": "\u5355\u51fb",
              "type": "keycode",
              "content": [
                "id_dynamic_tap_dance_on_tap_keycode[0]",
                9,
                1,
                0
              ]
            },
            {
              "label": "\u957f\u6309",
              "type": "keycode",
              "content": [
                "id_dynamic_tap_dance_on_hold_keycode[0]",
                9,
                2,
                0
              ]
            },
            {
              "label": "\u53cc\u51fb",
              "type": "keycode",
              "content": [
                "id_dynamic_tap_dance_on_double_tap_keycode[0]",
                9,
                3,
                0
              ]
            },
            {
              "label": "\u53cc\u51fb\u5e76\u957f\u6309",
              "type": "keycode",
              "content": [
                "id_dynamic_tap_dance_on_tap_hold_keycode[0]",
                9,
                4,
                0
              ]
            },
            {
              "label": "\u5355\u51fb\u5224\u5b9a\u65f6\u95f4(ms)",
              "type": "range",
              "options": [
                0,
                9999
              ],
              "content": [
                "id_dynamic_tap_dance_tapping_term[0]",
                9,
                5,
                0
              ]
            }
          ]
        },
        {
          "label": "\u6309\u952e\u590d\u7528(1)-0X5701",
          "content": [
            {
              "label": "\u5355\u51fb",
              "type": "keycode",
              "content": [
                "id_dynamic_tap_dance_on_tap_keycode[1]",
                9,
                1,
                1
              ]
            },
            {
              "label": "\u957f\u6309",
              "type": "keycode",
              "content": [
                "id_dynamic_tap_dance_on_hold_keycode[1]",
                9,
                2,
                1
              ]
            },
            {
              "label": "\u53cc\u51fb",
              "type": "keycode",
              "content": [
                "id_dynamic_tap_dance_on_double_tap_keycode[1]",
                9,
                3,
                1
              ]
            },
            {
              "label": "\u53cc\u51fb\u5e76\u957f\u6309",
              "type": "keycode",
              "content": [
                "id_dynamic_tap_dance_on_tap_hold_keycode[1]",
                9,
                4,
                1
              ]
            },
            {
              "label": "\u5355\u51fb\u5224\u5b9a\u65f6\u95f4(ms)",
              "type": "range",
              "options": [
                0,
                9999
              ],
              "content": [
                "id_dynamic_tap_dance_tapping_term[1]",
                9,
                5,
                1
              ]
            }
          ]
        },
        {
          "label": "\u6309\u952e\u590d\u7528(2)-0X5702",
          "content": [
            {
              "label": "\u5355\u51fb",
              "type": "keycode",
              "content": [
                "id_dynamic_tap_dance_on_tap_keycode[2]",
                9,
                1,
                2
              ]
            },
            {
              "label": "\u957f\u6309",
              "type": "keycode",
              "content": [
                "id_dynamic_tap_dance_on_hold_keycode[2]",
                9,
                2,
                2
              ]
            },
            {
              "label": "\u53cc\u51fb",
              "type": "keycode",
              "content": [
                "id_dynamic_tap_dance_on_double_tap_keycode[2]",
                9,
                3,
                2
              ]
            },
            {
              "label": "\u53cc\u51fb\u5e76\u957f\u6309",
              "type": "keycode",
              "content": [
                "id_dynamic_tap_dance_on_tap_hold_keycode[2]",
                9,
                4,
                2
              ]
            },
            {
              "label": "\u5355\u51fb\u5224\u5b9a\u65f6\u95f4(ms)",
              "type": "range",
              "options": [
                0,
                9999
              ],
              "content": [
                "id_dynamic_tap_dance_tapping_term[2]",
                9,
                5,
                2
              ]
            }
          ]
        },
        {
          "label": "\u6309\u952e\u590d\u7528(3)-0X5703",
          "content": [
            {
              "label": "\u5355\u51fb",
              "type": "keycode",
              "content": [
                "id_dynamic_tap_dance_on_tap_keycode[3]",
                9,
                1,
                3
              ]
            },
            {
              "label": "\u957f\u6309",
              "type": "keycode",
              "content": [
                "id_dynamic_tap_dance_on_hold_keycode[3]",
                9,
                2,
                3
              ]
            },
            {
              "label": "\u53cc\u51fb",
              "type": "keycode",
              "content": [
                "id_dynamic_tap_dance_on_double_tap_keycode[3]",
                9,
                3,
                3
              ]
            },
            {
              "label": "\u53cc\u51fb\u5e76\u957f\u6309",
              "type": "keycode",
              "content": [
                "id_dynamic_tap_dance_on_tap_hold_keycode[3]",
                9,
                4,
                3
              ]
            },
            {
              "label": "\u5355\u51fb\u5224\u5b9a\u65f6\u95f4(ms)",
              "type": "range",
              "options": [
                0,
                9999
              ],
              "content": [
                "id_dynamic_tap_dance_tapping_term[3]",
                9,
                5,
                3
              ]
            }
          ]
        },
        {
          "label": "\u6309\u952e\u590d\u7528(4)-0X5704",
          "content": [
            {
              "label": "\u5355\u51fb",
              "type": "keycode",
              "content": [
                "id_dynamic_tap_dance_on_tap_keycode[4]",
                9,
                1,
                4
              ]
            },
            {
              "label": "\u957f\u6309",
              "type": "keycode",
              "content": [
                "id_dynamic_tap_dance_on_hold_keycode[4]",
                9,
                2,
                4
              ]
            },
            {
              "label": "\u53cc\u51fb",
              "type": "keycode",
              "content": [
                "id_dynamic_tap_dance_on_double_tap_keycode[4]",
                9,
                3,
                4
              ]
            },
            {
              "label": "\u53cc\u51fb\u5e76\u957f\u6309",
              "type": "keycode",
              "content": [
                "id_dynamic_tap_dance_on_tap_hold_keycode[4]",
                9,
                4,
                4
              ]
            },
            {
              "label": "\u5355\u51fb\u5224\u5b9a\u65f6\u95f4(ms)",
              "type": "range",
              "options": [
                0,
                9999
              ],
              "content": [
                "id_dynamic_tap_dance_tapping_term[4]",
                9,
                5,
                4
              ]
            }
          ]
        },
        {
          "label": "\u6309\u952e\u590d\u7528(5)-0X5705",
          "content": [
            {
              "label": "\u5355\u51fb",
              "type": "keycode",
              "content": [
                "id_dynamic_tap_dance_on_tap_keycode[5]",
                9,
                1,
                5
              ]
            },
            {
              "label": "\u957f\u6309",
              "type": "keycode",
              "content": [
                "id_dynamic_tap_dance_on_hold_keycode[5]",
                9,
                2,
                5
              ]
            },
            {
              "label": "\u53cc\u51fb",
              "type": "keycode",
              "content": [
                "id_dynamic_tap_dance_on_double_tap_keycode[5]",
                9,
                3,
                5
              ]
            },
            {
              "label": "\u53cc\u51fb\u5e76\u957f\u6309",
              "type": "keycode",
              "content": [
                "id_dynamic_tap_dance_on_tap_hold_keycode[5]",
                9,
                4,
                5
              ]
            },
            {
              "label": "\u5355\u51fb\u5224\u5b9a\u65f6\u95f4(ms)",
              "type": "range",
              "options": [
                0,
                9999
              ],
              "content": [
                "id_dynamic_tap_dance_tapping_term[5]",
                9,
                5,
                5
              ]
            }
          ]
        },
        {
          "label": "\u6309\u952e\u590d\u7528(6)-0X5706",
          "content": [
            {
              "label": "\u5355\u51fb",
              "type": "keycode",
              "content": [
                "id_dynamic_tap_dance_on_tap_keycode[6]",
                9,
                1,
                6
              ]
            },
            {
              "label": "\u957f\u6309",
              "type": "keycode",
              "content": [
                "id_dynamic_tap_dance_on_hold_keycode[6]",
                9,
                2,
                6
              ]
            },
            {
              "label": "\u53cc\u51fb",
              "type": "keycode",
              "content": [
                "id_dynamic_tap_dance_on_double_tap_keycode[6]",
                9,
                3,
                6
              ]
            },
            {
              "label": "\u53cc\u51fb\u5e76\u957f\u6309",
              "type": "keycode",
              "content": [
                "id_dynamic_tap_dance_on_tap_hold_keycode[6]",
                9,
                4,
                6
              ]
            },
            {
              "label": "\u5355\u51fb\u5224\u5b9a\u65f6\u95f4(ms)",
              "type": "range",
              "options": [
                0,
                9999
              ],
              "content": [
                "id_dynamic_tap_dance_tapping_term[6]",
                9,
                5,
                6
              ]
            }
          ]
        },
        {
          "label": "\u6309\u952e\u590d\u7528(7)-0X5707",
          "content": [
            {
              "label": "\u5355\u51fb",
              "type": "keycode",
              "content": [
                "id_dynamic_tap_dance_on_tap_keycode[7]",
                9,
                1,
                7
              ]
            },
            {
              "label": "\u957f\u6309",
              "type": "keycode",
              "content": [
                "id_dynamic_tap_dance_on_hold_keycode[7]",
                9,
                2,
                7
              ]
            },
            {
              "label": "\u53cc\u51fb",
              "type": "keycode",
              "content": [
                "id_dynamic_tap_dance_on_double_tap_keycode[7]",
                9,
                3,
                7
              ]
            },
            {
              "label": "\u53cc\u51fb\u5e76\u957f\u6309",
              "type": "keycode",
              "content": [
                "id_dynamic_tap_dance_on_tap_hold_keycode[7]",
                9,
                4,
                7
              ]
            },
            {
              "label": "\u5355\u51fb\u5224\u5b9a\u65f6\u95f4(ms)",
              "type": "range",
              "options": [
                0,
                9999
              ],
              "content": [
                "id_dynamic_tap_dance_tapping_term[7]",
                9,
                5,
                7
              ]
            }
          ]
        },
        {
          "label": "\u6309\u952e\u590d\u7528(8)-0X5708",
          "content": [
            {
              "label": "\u5355\u51fb",
              "type": "keycode",
              "content": [
                "id_dynamic_tap_dance_on_tap_keycode[8]",
                9,
                1,
                8
              ]
            },
            {
              "label": "\u957f\u6309",
              "type": "keycode",
              "content": [
                "id_dynamic_tap_dance_on_hold_keycode[8]",
                9,
                2,
                8
              ]
            },
            {
              "label": "\u53cc\u51fb",
              "type": "keycode",
              "content": [
                "id_dynamic_tap_dance_on_double_tap_keycode[8]",
                9,
                3,
                8
              ]
            },
            {
              "label": "\u53cc\u51fb\u5e76\u957f\u6309",
              "type": "keycode",
              "content": [
                "id_dynamic_tap_dance_on_tap_hold_keycode[8]",
                9,
                4,
                8
              ]
            },
            {
              "label": "\u5355\u51fb\u5224\u5b9a\u65f6\u95f4(ms)",
              "type": "range",
              "options": [
                0,
                9999
              ],
              "content": [
                "id_dynamic_tap_dance_tapping_term[8]",
                9,
                5,
                8
              ]
            }
          ]
        },
        {
          "label": "\u6309\u952e\u590d\u7528(9)-0X5709",
          "content": [
            {
              "label": "\u5355\u51fb",
              "type": "keycode",
              "content": [
                "id_dynamic_tap_dance_on_tap_keycode[9]",
                9,
                1,
                9
              ]
            },
            {
              "label": "\u957f\u6309",
              "type": "keycode",
              "content": [
                "id_dynamic_tap_dance_on_hold_keycode[9]",
                9,
                2,
                9
              ]
            },
            {
              "label": "\u53cc\u51fb",
              "type": "keycode",
              "content": [
                "id_dynamic_tap_dance_on_double_tap_keycode[9]",
                9,
                3,
                9
              ]
            },
            {
              "label": "\u53cc\u51fb\u5e76\u957f\u6309",
              "type": "keycode",
              "content": [
                "id_dynamic_tap_dance_on_tap_hold_keycode[9]",
                9,
                4,
                9
              ]
            },
            {
              "label": "\u5355\u51fb\u5224\u5b9a\u65f6\u95f4(ms)",
              "type": "range",
              "options": [
                0,
                9999
              ],
              "content": [
                "id_dynamic_tap_dance_tapping_term[9]",
                9,
                5,
                9
              ]
            }
          ]
        }
      ]
    },
    {
      "label": "\u7ec4\u5408\u952e",
      "content": [  
        {  
           "label": "\u7ec4\u5408\u952e\u8bbe\u7f6e",
           "content": [
            {
              "label": "\u91cd\u7f6e\u5168\u90e8\u7ec4\u5408\u952e\uff08\u952e\u76d8\u91cd\u542f\u540e\u751f\u6548\uff09",
              "type": "toggle",
              "content": ["id_dynamic_combos_reset", 10, 0]
          }
        ]
        } ,             
        { 
           "label": "\u7ec4\u5408\u952e(0)",
          "content": [
            {
              "label": "\u7ec4\u5408\u952e\u952e\u503c 1",
              "type": "keycode",
              "content": [
                "id_dynamic_combos_keys[0][0]",
                10,
                1,
                0,
                0
              ]
            },
            {
              "label": "\u7ec4\u5408\u952e\u952e\u503c 2",
              "type": "keycode",
              "content": [
                "id_dynamic_combos_keys[0][1]",
                10,
                1,
                0,
                1
              ]
            },
            {
              "label": "\u7ec4\u5408\u952e\u952e\u503c 3",
              "type": "keycode",
              "content": [
                "id_dynamic_combos_keys[0][2]",
                10,
                1,
                0,
                2
              ]
            },
            {
              "label": "\u7ec4\u5408\u952e\u952e\u503c 4",
              "type": "keycode",
              "content": [
                "id_dynamic_combos_keys[0][3]",
                10,
                1,
                0,
                3
              ]
            },
            {
              "label": "\u7ec4\u5408\u952e\u8f93\u51fa\u952e\u503c",
              "type": "keycode",
              "content": [
                "id_dynamic_combos_keycode[0]",
                10,
                2,
                0
              ]
            },
            {
              "label": "\u7ec4\u5408\u952e\u5224\u5b9a\u65f6\u95f4",
              "type": "range",
              "options": [
                0,
                9999
              ],
              "content": [
                "id_dynamic_combos_combo_term[0]",
                10,
                3,
                0
              ]
            }
          ]
        },
        {
           "label": "\u7ec4\u5408\u952e(1)",
          "content": [
            {
              "label": "\u7ec4\u5408\u952e\u952e\u503c 1",
              "type": "keycode",
              "content": [
                "id_dynamic_combos_keys[1][0]",
                10,
                1,
                1,
                0
              ]
            },
            {
              "label": "\u7ec4\u5408\u952e\u952e\u503c 2",
              "type": "keycode",
              "content": [
                "id_dynamic_combos_keys[1][1]",
                10,
                1,
                1,
                1
              ]
            },
            {
              "label": "\u7ec4\u5408\u952e\u952e\u503c 3",
              "type": "keycode",
              "content": [
                "id_dynamic_combos_keys[1][2]",
                10,
                1,
                1,
                2
              ]
            },
            {
              "label": "\u7ec4\u5408\u952e\u952e\u503c 4",
              "type": "keycode",
              "content": [
                "id_dynamic_combos_keys[1][3]",
                10,
                1,
                1,
                3
              ]
            },
            {
              "label": "\u7ec4\u5408\u952e\u8f93\u51fa\u952e\u503c",
              "type": "keycode",
              "content": [
                "id_dynamic_combos_keycode[1]",
                10,
                2,
                1
              ]
            },
            {
              "label": "\u7ec4\u5408\u952e\u5224\u5b9a\u65f6\u95f4",
              "type": "range",
              "options": [
                1,
                9999
              ],
              "content": [
                "id_dynamic_combos_combo_term[1]",
                10,
                3,
                1
              ]
            }
          ]
        },
        {
           "label": "\u7ec4\u5408\u952e(2)",
          "content": [
            {
              "label": "\u7ec4\u5408\u952e\u952e\u503c 1",
              "type": "keycode",
              "content": [
                "id_dynamic_combos_keys[2][0]",
                10,
                1,
                2,
                0
              ]
            },
            {
              "label": "\u7ec4\u5408\u952e\u952e\u503c 2",
              "type": "keycode",
              "content": [
                "id_dynamic_combos_keys[2][1]",
                10,
                1,
                2,
                1
              ]
            },
            {
              "label": "\u7ec4\u5408\u952e\u952e\u503c 3",
              "type": "keycode",
              "content": [
                "id_dynamic_combos_keys[2][2]",
                10,
                1,
                2,
                2
              ]
            },
            {
              "label": "\u7ec4\u5408\u952e\u952e\u503c 4",
              "type": "keycode",
              "content": [
                "id_dynamic_combos_keys[2][3]",
                10,
                1,
                2,
                3
              ]
            },
            {
              "label": "\u7ec4\u5408\u952e\u8f93\u51fa\u952e\u503c",
              "type": "keycode",
              "content": [
                "id_dynamic_combos_keycode[2]",
                10,
                2,
                2
              ]
            },
            {
              "label": "\u7ec4\u5408\u952e\u5224\u5b9a\u65f6\u95f4",
              "type": "range",
              "options": [
                1,
                9999
              ],
              "content": [
                "id_dynamic_combos_combo_term[2]",
                10,
                3,
                2
              ]
            }
          ]
        },
        {
           "label": "\u7ec4\u5408\u952e(3)",
          "content": [
            {
              "label": "\u7ec4\u5408\u952e\u952e\u503c 1",
              "type": "keycode",
              "content": [
                "id_dynamic_combos_keys[3][0]",
                10,
                1,
                3,
                0
              ]
            },
            {
              "label": "\u7ec4\u5408\u952e\u952e\u503c 2",
              "type": "keycode",
              "content": [
                "id_dynamic_combos_keys[3][1]",
                10,
                1,
                3,
                1
              ]
            },
            {
              "label": "\u7ec4\u5408\u952e\u952e\u503c 3",
              "type": "keycode",
              "content": [
                "id_dynamic_combos_keys[3][2]",
                10,
                1,
                3,
                2
              ]
            },
            {
              "label": "\u7ec4\u5408\u952e\u952e\u503c 4",
              "type": "keycode",
              "content": [
                "id_dynamic_combos_keys[3][3]",
                10,
                1,
                3,
                3
              ]
            },
            {
              "label": "\u7ec4\u5408\u952e\u8f93\u51fa\u952e\u503c",
              "type": "keycode",
              "content": [
                "id_dynamic_combos_keycode[3]",
                10,
                2,
                3
              ]
            },
            {
              "label": "\u7ec4\u5408\u952e\u5224\u5b9a\u65f6\u95f4",
              "type": "range",
              "options": [
                1,
                9999
              ],
              "content": [
                "id_dynamic_combos_combo_term[3]",
                10,
                3,
                3
              ]
            }
          ]
        },
        {
           "label": "\u7ec4\u5408\u952e(4)",
          "content": [
            {
              "label": "\u7ec4\u5408\u952e\u952e\u503c 1",
              "type": "keycode",
              "content": [
                "id_dynamic_combos_keys[4][0]",
                10,
                1,
                4,
                0
              ]
            },
            {
              "label": "\u7ec4\u5408\u952e\u952e\u503c 2",
              "type": "keycode",
              "content": [
                "id_dynamic_combos_keys[4][1]",
                10,
                1,
                4,
                1
              ]
            },
            {
              "label": "\u7ec4\u5408\u952e\u952e\u503c 3",
              "type": "keycode",
              "content": [
                "id_dynamic_combos_keys[4][2]",
                10,
                1,
                4,
                2
              ]
            },
            {
              "label": "\u7ec4\u5408\u952e\u952e\u503c 4",
              "type": "keycode",
              "content": [
                "id_dynamic_combos_keys[4][3]",
                10,
                1,
                4,
                3
              ]
            },
            {
              "label": "\u7ec4\u5408\u952e\u8f93\u51fa\u952e\u503c",
              "type": "keycode",
              "content": [
                "id_dynamic_combos_keycode[4]",
                10,
                2,
                4
              ]
            },
            {
              "label": "\u7ec4\u5408\u952e\u5224\u5b9a\u65f6\u95f4",
              "type": "range",
              "options": [
                1,
                9999
              ],
              "content": [
                "id_dynamic_combos_combo_term[4]",
                10,
                3,
                4
              ]
            }
          ]
        },
        {
           "label": "\u7ec4\u5408\u952e(5)",
          "content": [
            {
              "label": "\u7ec4\u5408\u952e\u952e\u503c 1",
              "type": "keycode",
              "content": [
                "id_dynamic_combos_keys[5][0]",
                10,
                1,
                5,
                0
              ]
            },
            {
              "label": "\u7ec4\u5408\u952e\u952e\u503c 2",
              "type": "keycode",
              "content": [
                "id_dynamic_combos_keys[5][1]",
                10,
                1,
                5,
                1
              ]
            },
            {
              "label": "\u7ec4\u5408\u952e\u952e\u503c 3",
              "type": "keycode",
              "content": [
                "id_dynamic_combos_keys[5][2]",
                10,
                1,
                5,
                2
              ]
            },
            {
              "label": "\u7ec4\u5408\u952e\u952e\u503c 4",
              "type": "keycode",
              "content": [
                "id_dynamic_combos_keys[5][3]",
                10,
                1,
                5,
                3
              ]
            },
            {
              "label": "\u7ec4\u5408\u952e\u8f93\u51fa\u952e\u503c",
              "type": "keycode",
              "content": [
                "id_dynamic_combos_keycode[5]",
                10,
                2,
                5
              ]
            },
            {
              "label": "\u7ec4\u5408\u952e\u5224\u5b9a\u65f6\u95f4",
              "type": "range",
              "options": [
                1,
                9999
              ],
              "content": [
                "id_dynamic_combos_combo_term[5]",
                10,
                3,
                5
              ]
            }
          ]
        },
        {
           "label": "\u7ec4\u5408\u952e(6)",
          "content": [
            {
              "label": "\u7ec4\u5408\u952e\u952e\u503c 1",
              "type": "keycode",
              "content": [
                "id_dynamic_combos_keys[6][0]",
                10,
                1,
                6,
                0
              ]
            },
            {
              "label": "\u7ec4\u5408\u952e\u952e\u503c 2",
              "type": "keycode",
              "content": [
                "id_dynamic_combos_keys[6][1]",
                10,
                1,
                6,
                1
              ]
            },
            {
              "label": "\u7ec4\u5408\u952e\u952e\u503c 3",
              "type": "keycode",
              "content": [
                "id_dynamic_combos_keys[6][2]",
                10,
                1,
                6,
                2
              ]
            },
            {
              "label": "\u7ec4\u5408\u952e\u952e\u503c 4",
              "type": "keycode",
              "content": [
                "id_dynamic_combos_keys[6][3]",
                10,
                1,
                6,
                3
              ]
            },
            {
              "label": "\u7ec4\u5408\u952e\u8f93\u51fa\u952e\u503c",
              "type": "keycode",
              "content": [
                "id_dynamic_combos_keycode[6]",
                10,
                2,
                6
              ]
            },
            {
              "label": "\u7ec4\u5408\u952e\u5224\u5b9a\u65f6\u95f4",
              "type": "range",
              "options": [
                1,
                9999
              ],
              "content": [
                "id_dynamic_combos_combo_term[6]",
                10,
                3,
                6
              ]
            }
          ]
        },
        {
           "label": "\u7ec4\u5408\u952e(7)",
          "content": [
            {
              "label": "\u7ec4\u5408\u952e\u952e\u503c 1",
              "type": "keycode",
              "content": [
                "id_dynamic_combos_keys[7][0]",
                10,
                1,
                7,
                0
              ]
            },
            {
              "label": "\u7ec4\u5408\u952e\u952e\u503c 2",
              "type": "keycode",
              "content": [
                "id_dynamic_combos_keys[7][1]",
                10,
                1,
                7,
                1
              ]
            },
            {
              "label": "\u7ec4\u5408\u952e\u952e\u503c 3",
              "type": "keycode",
              "content": [
                "id_dynamic_combos_keys[7][2]",
                10,
                1,
                7,
                2
              ]
            },
            {
              "label": "\u7ec4\u5408\u952e\u952e\u503c 4",
              "type": "keycode",
              "content": [
                "id_dynamic_combos_keys[7][3]",
                10,
                1,
                7,
                3
              ]
            },
            {
              "label": "\u7ec4\u5408\u952e\u8f93\u51fa\u952e\u503c",
              "type": "keycode",
              "content": [
                "id_dynamic_combos_keycode[7]",
                10,
                2,
                7
              ]
            },
            {
              "label": "\u7ec4\u5408\u952e\u5224\u5b9a\u65f6\u95f4",
              "type": "range",
              "options": [
                1,
                9999
              ],
              "content": [
                "id_dynamic_combos_combo_term[7]",
                10,
                3,
                7
              ]
            }
          ]
        },
        {
           "label": "\u7ec4\u5408\u952e(8)",
          "content": [
            {
              "label": "\u7ec4\u5408\u952e\u952e\u503c 1",
              "type": "keycode",
              "content": [
                "id_dynamic_combos_keys[8][0]",
                10,
                1,
                8,
                0
              ]
            },
            {
              "label": "\u7ec4\u5408\u952e\u952e\u503c 2",
              "type": "keycode",
              "content": [
                "id_dynamic_combos_keys[8][1]",
                10,
                1,
                8,
                1
              ]
            },
            {
              "label": "\u7ec4\u5408\u952e\u952e\u503c 3",
              "type": "keycode",
              "content": [
                "id_dynamic_combos_keys[8][2]",
                10,
                1,
                8,
                2
              ]
            },
            {
              "label": "\u7ec4\u5408\u952e\u952e\u503c 4",
              "type": "keycode",
              "content": [
                "id_dynamic_combos_keys[8][3]",
                10,
                1,
                8,
                3
              ]
            },
            {
              "label": "\u7ec4\u5408\u952e\u8f93\u51fa\u952e\u503c",
              "type": "keycode",
              "content": [
                "id_dynamic_combos_keycode[8]",
                10,
                2,
                8
              ]
            },
            {
              "label": "\u7ec4\u5408\u952e\u5224\u5b9a\u65f6\u95f4",
              "type": "range",
              "options": [
                1,
                9999
              ],
              "content": [
                "id_dynamic_combos_combo_term[8]",
                10,
                3,
                8
              ]
            }
          ]
        },
        {
           "label": "\u7ec4\u5408\u952e(9)",
          "content": [
            {
              "label": "\u7ec4\u5408\u952e\u952e\u503c 1",
              "type": "keycode",
              "content": [
                "id_dynamic_combos_keys[9][0]",
                10,
                1,
                9,
                0
              ]
            },
            {
              "label": "\u7ec4\u5408\u952e\u952e\u503c 2",
              "type": "keycode",
              "content": [
                "id_dynamic_combos_keys[9][1]",
                10,
                1,
                9,
                1
              ]
            },
            {
              "label": "\u7ec4\u5408\u952e\u952e\u503c 3",
              "type": "keycode",
              "content": [
                "id_dynamic_combos_keys[9][2]",
                10,
                1,
                9,
                2
              ]
            },
            {
              "label": "\u7ec4\u5408\u952e\u952e\u503c 4",
              "type": "keycode",
              "content": [
                "id_dynamic_combos_keys[9][3]",
                10,
                1,
                9,
                3
              ]
            },
            {
              "label": "\u7ec4\u5408\u952e\u8f93\u51fa\u952e\u503c",
              "type": "keycode",
              "content": [
                "id_dynamic_combos_keycode[9]",
                10,
                2,
                9
              ]
            },
            {
              "label": "\u7ec4\u5408\u952e\u5224\u5b9a\u65f6\u95f4",
              "type": "range",
              "options": [
                1,
                9999
              ],
              "content": [
                "id_dynamic_combos_combo_term[9]",
                10,
                3,
                9
              ]
            }
          ]
          
        }

      ]
    }
  ],
  "matrix": {"rows": 6, "cols": 17},
  "layouts": {
    "labels": [
        "ISO enter",
        "Split RSHIFT",
        ["Space","7U","6.25U"]
    ],
    "keymap": [
        ["0,0",{"x": 1},"0,2","0,3","0,4","0,5",{"x": 0.5},"0,6","0,7","0,8","0,9",{"x": 0.5},"0,10","0,11","0,12","0,13",{"x": 0.25},"0,14","0,15","0,16"],
        [{"y": 0.5},"1,0","1,1","1,2","1,3","1,4","1,5","1,6","1,7","1,8","1,9","1,10","1,11","1,12",{"w": 2},"1,13",{"x": 0.25},"1,14","1,15","1,16"],
        [{"w": 1.5},"2,0","2,1","2,2","2,3","2,4","2,5","2,6","2,7","2,8","2,9","2,10","2,11","2,12",{"w": 1.5},"2,13\n\n\n0,0",{"x": 0.25},"2,14",{"x": -1,"w": 1.25,"h": 2,"w2":1.5,"h2":1,"x2":-0.25},"3,13\n\n\n0,1",{"x": -0.25},"2,15","2,16"],
        [{"w": 1.75},"3,0","3,1","3,2","3,3","3,4","3,5","3,6","3,7","3,8","3,9","3,10","3,11",{"w": 2.25},"3,13\n\n\n0,0",{"x": -0.75},"3,12\n\n\n0,1"],
        [{"w": 2.25},"4,0","4,2","4,3","4,4","4,5","4,6","4,7","4,8","4,9","4,10","4,11",{"w": 2.75},"4,12\n\n\n1,0",{"w": 1.75},"4,12\n\n\n1,1",{"x": -0.5},"4,15",{"x": -0.5},"4,13\n\n\n1,1"],
        [{"w": 1.5},"5,0\n\n\n2,0","5,1\n\n\n2,0",{"w": 1.5},"5,2\n\n\n2,0",{"w": 7},"5,6\n\n\n2,0",{"w": 1.5},"5,11\n\n\n2,0","5,12\n\n\n2,0",{"w": 1.5},"5,13\n\n\n2,0",{"w": 1.25},"5,0\n\n\n2,1",{"x": -1},"5,14","5,15",{"x": -1,"w": 1.25},"5,1\n\n\n2,1",{"x": -0.25},"5,16",{"x": -0.75,"w": 1.25},"5,2\n\n\n2,1",{"w": 6.25},"5,6\n\n\n2,1",{"w": 1.25},"5,10\n\n\n2,1",{"w": 1.25},"5,11\n\n\n2,1",{"w": 1.25},"5,12\n\n\n2,1",{"w": 1.25},"5,13\n\n\n2,1"]


    ]
  }
}
