{
  "name": "Smart875",
  "vendorId": "0x414B",
  "productId": "0x6390",
  "keycodes": [
    "qmk_lighting"
  ],
  "menus": [
    {
      "label": "Lighting",
      "content": [
        {
          "label": "Backlight",
          "content": [
            {
              "label": "Brightness",
              "type": "range",
              "options": [
                0,
                255
              ],
              "content": [
                "id_qmk_rgb_matrix_brightness",
                3,
                1
              ]
            },
            {
              "label": "Effect",
              "type": "dropdown",
              "content": [
                "id_qmk_rgb_matrix_effect",
                3,
                2
              ],
              "options": [
                [
                  "All Off",
                  0
                ],
                [
                  "Solid Color",
                  1
                ],
                [
                  "Gradient Up Down",
                  2
                ],
                [
                  "Gradient Left Right",
                  3
                ],
                [
                  "Breathing",
                  4
                ],
                [
                  "Cycle All",
                  5
                ],
                [
                  "Cycle Left Right",
                  6
                ],
                [
                  "Cycle Out In Dual",
                  7
                ],
                [
                  "Cycle Pinwheel",
                  8
                ],
                [
                  "Dual Beacon",
                  9
                ],
                [
                  "Raindrops",
                  10
                ],
                [
                  "Jellybean Raindrops",
                  11
                ],
                [
                  "Hue Breathing",
                  12
                ],
                [
                  "Hue Wave",
                  13
                ],
                [
                  "Typing Heatmap",
                  14
                ],
                [
                  "Digital Rain",
                  15
                ],
                [
                  "Solid Reactive Simple",
                  16
                ],
                [
                  "Solid Reactive Multiwide",
                  17
                ],
                [
                  "Solid Reactive Multicross",
                  18
                ]
              ]
            },
            {
              "showIf": "{id_qmk_rgb_matrix_effect} != 0",
              "label": "Effect Speed",
              "type": "range",
              "options": [
                0,
                255
              ],
              "content": [
                "id_qmk_rgb_matrix_effect_speed",
                3,
                3
              ]
            },
            {
              "showIf": "{id_qmk_rgb_matrix_effect} != 0 && {id_qmk_rgb_matrix_effect} != 24 && {id_qmk_rgb_matrix_effect} != 28 && {id_qmk_rgb_matrix_effect} != 29 && {id_qmk_rgb_matrix_effect} != 32",
              "label": "Color",
              "type": "color",
              "content": [
                "id_qmk_rgb_matrix_color",
                3,
                4
              ]
            }
          ]
        }
      ]
    }
  ],
  "matrix": {
    "rows": 6,
    "cols": 16
  },
  "customKeycodes": [
    {
      "name": "BT DEV1",
      "title": "BT Device 1",
      "shortName": "DEV1"
    },
    {
      "name": "BT DEV2",
      "title": "BT Device 2",
      "shortName": "DEV2"
    },
    {
      "name": "BT DEV3",
      "title": "BT Device 3",
      "shortName": "DEV3"
    },
    {
      "name": "2.4G",
      "title": "2.4G",
      "shortName": "DEV 2.4G"
    },
    {
      "name": "USB",
      "title": "USB",
      "shortName": "DEV USB"
    },
    {
      "name": "BAT RGB",
      "title": "BAT RGB",
      "shortName": "BAT RGB"
    },
    {
      "name": "LOGO RGB MODE",
      "title": "LOGO RGB MODE",
      "shortName": "LOGO RGB MODE"
    },
    {
      "name": "KEY RGB",
      "title": "KEY RGB",
      "shortName": "KEY RGB"
    },
    {
      "name": "MAC OS",
      "title": "MAC OS",
      "shortName": "MAC OS"
    },
    {
      "name": "Windows OS",
      "title": "Windows OS",
      "shortName": "Windows OS"
    },
    {
      "name": "RGB TEST",
      "title": "RGB TEST",
      "shortName": "RGB TEST"
    },
    {
      "name": "Swap WASD",
      "title": "Swap WASD",
      "shortName": "Swap WASD"
    }
  ],
  "layouts": {
    "presets": {
      "default": [
        0
      ]
    },
    "labels": [
      "Split Space"
    ],
    "keymap": [
      [
        {
          "x": 2.5,
          "c": "#777777"
        },
        "0,0",
        {
          "x": 0.25,
          "c": "#cccccc"
        },
        "0,1",
        "0,2",
        "0,3",
        "0,4",
        {
          "x": 0.25,
          "c": "#aaaaaa"
        },
        "0,5",
        "0,6",
        "0,7",
        "0,8",
        {
          "x": 0.25,
          "c": "#cccccc"
        },
        "0,9",
        "0,10",
        "0,11",
        "0,12",
        {
          "x": 0.25,
          "c": "#aaaaaa"
        },
        "0,13",
        {
          "x": 0.25,
          "c": "#cccccc"
        },
        "0,14",
        "0,15"
      ],
      [
        {
          "y": 0.25,
          "x": 2.5
        },
        "1,0",
        "1,1",
        "1,2",
        "1,3",
        "1,4",
        "1,5",
        "1,6",
        "1,7",
        "1,8",
        "1,9",
        "1,10",
        "1,11",
        "1,12",
        {
          "c": "#aaaaaa",
          "w": 2
        },
        "1,13",
        {
          "x": 0.25,
          "c": "#cccccc"
        },
        "1,14",
        "1,15"
      ],
      [
        {
          "x": 2.5,
          "c": "#aaaaaa",
          "w": 1.5
        },
        "2,0",
        {
          "c": "#cccccc"
        },
        "2,1",
        "2,2",
        "2,3",
        "2,4",
        "2,5",
        "2,6",
        "2,7",
        "2,8",
        "2,9",
        "2,10",
        "2,11",
        "2,12",
        {
          "c": "#aaaaaa",
          "w": 1.5
        },
        "2,13",
        {
          "x": 0.25,
          "c": "#cccccc"
        },
        "2,14",
        "2,15"
      ],
      [
        {
          "x": 2.5,
          "c": "#aaaaaa",
          "w": 1.75
        },
        "3,0",
        {
          "c": "#cccccc"
        },
        "3,1",
        "3,2",
        "3,3",
        "3,4",
        "3,5",
        "3,6",
        "3,7",
        "3,8",
        "3,9",
        "3,10",
        "3,11",
        {
          "c": "#777777",
          "w": 2.25
        },
        "3,13"
      ],
      [
        {
          "x": 2.5,
          "c": "#aaaaaa",
          "w": 2.25
        },
        "4,0",
        {
          "c": "#cccccc"
        },
        "4,2",
        "4,3",
        "4,4",
        "4,5",
        "4,6",
        "4,7",
        "4,8",
        "4,9",
        "4,10",
        "4,11",
        {
          "c": "#aaaaaa",
          "w": 2.75
        },
        "4,13",
        {
          "x": 0.25,
          "c": "#777777"
        },
        "4,14"
      ],
      [
        {
          "x": 2.5,
          "c": "#aaaaaa",
          "w": 1.25
        },
        "5,0",
        {
          "w": 1.25
        },
        "5,1",
        {
          "w": 1.25
        },
        "5,2",
        {
          "c": "#cccccc",
          "w": 6.25
        },
        "5,6\n\n\n0,0",
        {
          "c": "#aaaaaa",
          "w": 1.25
        },
        "5,10",
        {
          "w": 1.25
        },
        "5,11",
        {
          "w": 1.25
        },
        "5,12",
        {
          "x": 0.5,
          "c": "#777777"
        },
        "5,13",
        "5,14",
        "5,15"
      ],
      [
        {
          "x": 6.25,
          "c": "#cccccc",
          "w": 2.75
        },
        "5,4\n\n\n0,1",
        {
          "w": 2.25
        },
        "5,7\n\n\n0,1",
        {
          "w": 1.25
        },
        "5,9\n\n\n0,1"
      ]
    ]
  }
}
