{
  "name": "Suit_R5.1",
  "vendorId": "0x4321",
  "productId": "0x0026",
  "matrix": {"rows": 6, "cols": 17},
  "layouts": {
    "labels": [
        "Split Backspace",
        "ISO enter",
        "Split RSHIFT",
        ["Space","7U","6.25U"]
    ],
    "keymap": [
        ["0,0",{"x":0.25},"0,1","0,2","0,3","0,4",{"x":0.25},"0,5","0,6","0,7","0,8",{"x":0.25},"0,9","0,10","0,11","0,12",{"x":0.25},"0,13",{"x":0.25},"0,14","0,15","0,16"],
[{"y":0.5},"1,0","1,1","1,2","1,3","1,4","1,5","1,6","1,7","1,8","1,9","1,10","1,11","1,12",{"w":2},"1,13\n\n\n0,0",{"x":0.25},"1,14","1,15","1,16",{"x":0.5},"1,13\n\n\n0,1","2,13\n\n\n0,1"],
[{"w":1.5},"2,0","2,1","2,2","2,3","2,4","2,5","2,6","2,7","2,8","2,9","2,10","2,11","2,12",{"w":1.5},"3,12\n\n\n1,0",{"x":0.25},"2,14",{"x":-1,"w":1.25,"h":2,"w2":1.5,"h2":1,"x2":-0.25},"3,13\n\n\n1,1",{"x":-0.25},"2,15","2,16"],
[{"w":1.75},"3,0","3,1","3,2","3,3","3,4","3,5","3,6","3,7","3,8","3,9","3,10","3,11",{"w":2.25},"3,13\n\n\n1,0",{"x":-0.75},"3,12\n\n\n1,1"],
[{"w":2.25},"4,0","4,2","4,3","4,4","4,5","4,6","4,7","4,8","4,9","4,10","4,11",{"w":2.75},"4,12\n\n\n2,0",{"w":1.75},"4,12\n\n\n2,1",{"x":-0.5},"4,15",{"x":-0.5},"4,13\n\n\n2,1"],
[{"w":1.5},"5,0\n\n\n3,0","5,1\n\n\n3,0",{"w":1.5},"5,2\n\n\n3,0",{"w":7},"5,6\n\n\n3,0",{"w":1.5},"5,11\n\n\n3,0","5,12\n\n\n3,0",{"w":1.5},"5,13\n\n\n3,0",{"w":1.25},"5,0\n\n\n3,1",{"x":-1},"5,14","5,15",{"x":-1,"w":1.25},"5,1\n\n\n3,1",{"x":-0.25},"5,16",{"x":-0.75,"w":1.25},"5,2\n\n\n3,1",{"w":6.25},"5,6\n\n\n3,1",{"w":1.25},"5,10\n\n\n3,1",{"w":1.25},"5,11\n\n\n3,1",{"w":1.25},"5,12\n\n\n3,1",{"w":1.25},"5,13\n\n\n3,1"]
    ]
  }
}
