{
  "name": "Easy75",
  "vendorId": "0xA103",
  "productId": "0xAA41",
  "keycodes": ["qmk_lighting"],
"menus": [
    {
      "label": "Lighting",
      "content": [
        {
          "label": "SideLight",
          "content": [
            {
              "label": "Brightness",
              "type": "range",
              "options": [
                0,
                255
              ],
              "content": [
                "id_qmk_rgb_matrix_brightness",
                3,
                1
              ]
            },
            {
              "label": "Effect",
              "type": "dropdown",
              "content": [
                "id_qmk_rgb_matrix_effect",
                3,
                2
              ],
              "options": [
                [
                  "All Off",
                  0
                ],
                [
                  "Solid Color",
                  1
                ],
                [
                  "Gradient Up Down",
                  2
                ],
                [
                  "Gradient Left Right",
                  3
                ],
                [
                  "Breathing",
                  4
                ],
                [
                  "Cycle All",
                  5
                ],
                [
                  "Cycle Left Right",
                  6
                ],
                [
                  "Jellybean Raindrops",
                  7
                ],
                [
                  "Hue Breathing",
                  8
                ]
              ]
            },
            {
              "showIf": "{id_qmk_rgb_matrix_effect} != 0",
              "label": "Effect Speed",
              "type": "range",
              "options": [
                0,
                255
              ],
              "content": [
                "id_qmk_rgb_matrix_effect_speed",
                3,
                3
              ]
            },
            {
              "showIf": "{id_qmk_rgb_matrix_effect} != 0",
              "label": "Color",
              "type": "color",
              "content": [
                "id_qmk_rgb_matrix_color",
                3,
                4
              ]
            }
          ]
        }
      ]
    }
  ],
  "matrix": {
    "rows": 6,
    "cols": 15
  },
  "customKeycodes": [
    {
      "name": "BT DEV1",
      "title": "BT Device 1",
      "shortName": "DEV1"
    },
    {
      "name": "BT DEV2",
      "title": "BT Device 2",
      "shortName": "DEV2"
    },
    {
      "name": "BT DEV3",
      "title": "BT Device 3",
      "shortName": "DEV3"
    },
    {
      "name": "2.4G",
      "title": "2.4G",
      "shortName": "DEV 2.4G"
    },
    {
      "name": "USB",
      "title": "USB",
      "shortName": "DEV USB"
    },
    {
      "name": "BAT RGB",
      "title": "BAT RGB",
      "shortName": "BAT RGB"
    }
  ],
  "layouts": {
    "presets": {"default": [0, 1]},
    "labels": [
      "ISO Enter"
    ],
    "keymap": [
        [
            "0,0",
            {"x":0.25},
            "0,1",
            "0,2",
            "0,3",
            "0,4",
            {"x":0.25},
            "0,5",
            "0,6",
            "0,7",
            "0,8",
            {"x":0.25},
            "0,9",
            "0,10",
            "0,11",
            "0,12",
            {"x":0.25},
            "0,13",
            "0,14"
        ],
        [
          {"y":0.25},
            "1,0",
            "1,1",
            "1,2",
            "1,3",
            "1,4",
            "1,5",
            "1,6",
            "1,7",
            "1,8",
            "1,9",
            "1,10",
            "1,11",
            "1,12",
            {"w":2},
            "1,13",
            "1,14"
        ],
        [
          { "w": 1.5 },
            "2,0",
            "2,1",
            "2,2",
            "2,3",
            "2,4",
            "2,5",
            "2,6",
            "2,7",
            "2,8",
            "2,9",
            "2,10",
            "2,11",
            "2,12",
            {"w":1.5},
            "2,13\n\n\n0,0",
            "2,14",
            {
              "x": 1.25,
              "w": 1.25,
              "h": 2,
              "w2": 1.5,
              "h2": 1,
              "x2": -0.25
            },
            "3,13\n\n\n0,1"
        ],
        [
          { "w": 1.75 },
            "3,0",
            "3,1",
            "3,2",
            "3,3",
            "3,4",
            "3,5",
            "3,6",
            "3,7",
            "3,8",
            "3,9",
            "3,10",
            "3,11",
            {"w":2.25},
            "3,13\n\n\n0,0",
            "3,14",
            {"x": 0.25, "c": "#aaaaaa"},
            "2,13\n\n\n0,1"
        ],
        [
          { "w": 2.25 },
            "4,0",
            "4,1",
            "4,2",
            "4,3",
            "4,4",
            "4,5",
            "4,6",
            "4,7",
            "4,8",
            "4,9",
            "4,10",
            { "w": 1.75 },
            "4,12",
            "4,13",
            "4,14"
        ],
        [
            { "w": 1.25 },
            "5,0",
            { "w": 1.25 },
            "5,1",
            { "w": 1.25 },
            "5,2",
            { "w": 6.25 },
            "5,5",
            { "w": 1.25 },
            "5,9",
            { "w": 1.25},
            "5,10",
            { "x": 0.5},
            "5,12",
            "5,13",
            "5,14"
        ]
    ]
}
}
    