{
    "name": "F6501_OMMK",
    "vendorId": "0xAA96",
    "productId": "0xAA13",
    "customKeycodes": [
        {
            "name": "Toggle WinKey Lock",
            "title": "Toggle WinKey Lock",
            "shortName": "WinLock"
        },
        {
            "name": "Toggle Win Alt Swap",
            "title": "Toggle Win Alt Swap",
            "shortName": "AW_SWAP"
        },
        {
            "name": "Mission Control",
            "title": "Mission Control in macOS",
            "shortName": "Mission Control"
        },
        {
            "name": "Launch Pad",
            "title": "Launch Pad in macOS",
            "shortName": "Launch Pad"
        },
        {
            "name": "Toggle Keyboard Screen",
            "title": "Toggle Keyboard Screen",
            "shortName": "TOG_SC"
        },
        {
            "name": "Switch Keyboard Screen Profile",
            "title": "Switch Keyboard Screen Profile",
            "shortName": "TFT_MOD"
        },
        {
            "name": "Keyboard Screen Brightness Increases",
            "title": "Keyboard Screen Brightness Increases",
            "shortName": "TFT_VI"
        },
        {
            "name": "Keyboard Screen Brightness Decreases",
            "title": "Keyboard Screen Brightness Decreases",
            "shortName": "TFT_VD"
        },
        {
            "name": "USB_TOG",
            "title": "Toggle USB Output",
            "shortName": "USB_TOG"
        },
        {
            "name": "BLE_1",
            "title": "Switch to BLE 1",
            "shortName": "BLE_1"
        },
        {
            "name": "BLE_2",
            "title": "Switch to BLE 2",
            "shortName": "BLE_2"
        },
        {
            "name": "BLE_3",
            "title": "Switch to BLE 3",
            "shortName": "BLE_3"
        },
        {
            "name": "BLE_4",
            "title": "Switch to BLE 4",
            "shortName": "BLE_4"
        },
        {
            "name": "Disconnect BLE",
            "title": "Disconnect BLE Channle",
            "shortName": "BLE_OFF"
        }
    ],
    "matrix": {
        "rows": 5,
        "cols": 15
    },
    "layouts": {
        "keymap": [
            [
                {
                    "c": "#777777"
                },
                "0,0",
                {
                    "c": "#cccccc"
                },
                "0,1",
                "0,2",
                "0,3",
                "0,4",
                "0,5",
                "0,6",
                "0,7",
                "0,8",
                "0,9",
                "0,10",
                "0,11",
                "0,12",
                {
                    "c": "#aaaaaa",
                    "w": 2
                },
                "0,13"
            ],
            [
                {
                    "w": 1.5
                },
                "1,0",
                {
                    "c": "#cccccc"
                },
                "1,1",
                "1,2",
                "1,3",
                "1,4",
                "1,5",
                "1,6",
                "1,7",
                "1,8",
                "1,9",
                "1,10",
                "1,11",
                "1,12",
                {
                    "c": "#aaaaaa",
                    "w": 1.5
                },
                "1,13",
                "1,14"
            ],
            [
                {
                    "w": 1.75
                },
                "2,0",
                {
                    "c": "#cccccc"
                },
                "2,1",
                "2,2",
                "2,3",
                "2,4",
                "2,5",
                "2,6",
                "2,7",
                "2,8",
                "2,9",
                "2,10",
                "2,11",
                {
                    "c": "#777777",
                    "w": 2.25
                },
                "2,13",
                {
                    "c": "#aaaaaa"
                },
                "2,14"
            ],
            [
                {
                    "w": 2.25
                },
                "3,0",
                {
                    "c": "#cccccc"
                },
                "3,1",
                "3,2",
                "3,3",
                "3,4",
                "3,5",
                "3,6",
                "3,7",
                "3,8",
                "3,9",
                "3,10",
                {
                    "c": "#aaaaaa",
                    "w": 1.75
                },
                "3,12",
                {
                    "c": "#777777"
                },
                "3,13",
                {
                    "c": "#aaaaaa"
                },
                "3,14"
            ],
            [
                {
                    "w": 1.25
                },
                "4,0",
                {
                    "w": 1.25
                },
                "4,1",
                {
                    "w": 1.25
                },
                "4,2",
                {
                    "c": "#cccccc",
                    "w": 6.25
                },
                "4,5",
                {
                    "c": "#aaaaaa",
                    "w": 1.25
                },
                "4,9",
                {
                    "w": 1.25
                },
                "4,10",
                {
                    "x": 0.5,
                    "c": "#777777"
                },
                "4,12",
                "4,13",
                "4,14"
            ]
        ]
    }
}
