{
    "name": "Bridge75",
    "vendorId": "0xFFFE",
    "productId": "0x003E",
    "keycodes": ["qmk_lighting"],
    "menus": [
      {
        "label": "Lighting",
        "content": [
          {
            "label": "Backlight",
            "content": [
              {
                "label": "Brightness",
                "type": "range",
                "options": [0, 255],
                "content": ["id_qmk_rgb_matrix_brightness", 3, 1]
              },
              {
                "label": "Effect",
                "type": "dropdown",
                "content": ["id_qmk_rgb_matrix_effect", 3, 2],
                "options": [
                    ["All Off", 0],
                    ["SOLID_COLOR", 1],
                    ["BREATHING", 2],
                    ["CYCLE_ALL", 3],
                    ["CYCLE_LEFT_RIGHT", 4],
                    ["CYCLE_UP_DOWN", 5],
                    ["RAINBOW_MOVING_CHEVRON", 6],
                    ["CYCLE_OUT_IN", 7],
                    ["CYCLE_OUT_IN_DUAL", 8],
                    ["CYCLE_PINWHEEL", 9],
                    ["CYCKE_SPIRAL", 10],
                    ["DUAL_BEACON", 11],
                    ["RAINBOW_BEACON", 12],
                    ["RAINDROPS", 13],
                    ["TYPING_HEATMAP", 14],
                    ["SOLID_REACTIVE_SIMPLE", 15],
                    ["SOLID_REACTIVE", 16],
                    ["SOLID_REACTIVE_NEXUS", 17],
                    ["MATRIX_MULTISPLASH", 18]
                  ]
              },
              {
                "showIf": "{id_qmk_rgb_matrix_effect} != 0",
                "label": "Effect Speed",
                "type": "range",
                "options": [0, 255],
                "content": ["id_qmk_rgb_matrix_effect_speed", 3, 3]
              },
              {
                "showIf": "{id_qmk_rgb_matrix_effect} != 0 && {id_qmk_rgb_matrix_effect} != 24 && {id_qmk_rgb_matrix_effect} != 28 && {id_qmk_rgb_matrix_effect} != 29 && {id_qmk_rgb_matrix_effect} != 32",
                "label": "Color",
                "type": "color",
                "content": ["id_qmk_rgb_matrix_color", 3, 4]
              }
            ]
          }
        ]
      }
    ],
    "matrix": {"rows": 6, "cols": 15},
    "customKeycodes": [
        {"name":"BT_HOST1","title":"BT_HOST1","shortName":"BT_HOST1"},
        {"name":"BT_HOST2","title":"BT_HOST2","shortName":"BT_HOST2"},
        {"name":"BT_HOST3","title":"BT_HOST3","shortName":"BT_HOST3"},
        {"name":"BT_2_4G", "title":"BT_2_4G", "shortName":"BT_2_4G"},
        {"name":"BT_USB",  "title":"BT_USB",  "shortName":"BT_USB"},
        {"name":"BT_SW",  "title":"BT_SW",  "shortName":"BT_SW"},
        {"name":"BTLVL",  "title":"BTLVL",  "shortName":"BTLVL"}
    ],
    "layouts": {
        "keymap":
        [
            [
              {
                "c": "#777777"
              },
              "0,0",
              {
                "x": 0.5,
                "c": "#cccccc"
              },
              "0,1",
              "0,2",
              "0,3",
              "0,4",
              {
                "x": 0.5
              },
              "0,5",
              "0,6",
              "0,7",
              "0,8",
              {
                "x": 0.5
              },
              "0,9",
              "0,10",
              "0,11",
              "0,12",
              {
                "x": 0.5
              },
              "0,14"
            ],
            [
              {
                "y": 0.25
              },
              "1,0",
              "1,1",
              "1,2",
              "1,3",
              "1,4",
              "1,5",
              "1,6",
              "1,7",
              "1,8",
              "1,9",
              "1,10",
              "1,11",
              "1,12",
              {
                "c": "#aaaaaa",
                "w": 2
              },
              "1,13",
              {
                "c": "#cccccc"
              },
              "1,14"
            ],
            [
              {
                "c": "#aaaaaa",
                "w": 1.5
              },
              "2,0",
              {
                "c": "#cccccc"
              },
              "2,1",
              "2,2",
              "2,3",
              "2,4",
              "2,5",
              "2,6",
              "2,7",
              "2,8",
              "2,9",
              "2,10",
              "2,11",
              "2,12",
              {
                "w": 1.5
              },
              "2,13",
              "2,14"
            ],
            [
              {
                "c": "#aaaaaa",
                "w": 1.75
              },
              "3,0",
              {
                "c": "#cccccc"
              },
              "3,1",
              {
                "x": 1
              },
              "3,3",
              "3,4",
              "3,5",
              "3,6",
              "3,7",
              "3,8",
              "3,9",
              "3,10",
              "3,11",
              {
                "c": "#777777",
                "w": 2.25
              },
              "3,13",
              {
                "c": "#cccccc"
              },
              "3,14"
            ],
            [
              {
                "c": "#aaaaaa",
                "w": 2.25
              },
              "4,0",
              {
                "c": "#cccccc"
              },
              "4,1",
              "4,2",
              "4,3",
              "4,4",
              "4,5",
              "4,6",
              "4,7",
              "4,8",
              "4,9",
              "4,10",
              {
                "c": "#aaaaaa",
                "w": 1.75
              },
              "4,11",
              {
                "c": "#cccccc"
              },
              "4,13",
              "4,14"
            ],
            [
              {
                "c": "#aaaaaa",
                "w": 1.25
              },
              "5,0",
              {
                "w": 1.25
              },
              "5,1",
              {
                "w": 1.25
              },
              "5,2",
              {
                "c": "#cccccc",
                "w": 6.25
              },
              "5,5",
              {
                "c": "#aaaaaa",
                "w": 1.25
              },
              "5,9",
              {
                "w": 1.25
              },
              "5,10",
              {
                "c": "#cccccc",
                "x":0.5
              },
              "5,12",
              "5,13",
              "5,14"
            ],
            [
              {
                "rx": 9.6,
                "ry": 4.3,
                "y": -1.0499999999999998,
                "x": -6.85
              },
              "3,2"
            ]
          ]
    }
}
