{
    "name": "Beacon70",
    "vendorId": "0xFFFE",
    "productId": "0x0035",
    "keycodes": ["qmk_lighting"],
    "matrix": {"rows": 5, "cols": 17},
    "customKeycodes":[
      {"name":"BT_HOST1", "title":"BT_HOST1", "shortName":"BT_HOST1"},
      {"name":"BT_HOST2", "title":"BT_HOST2", "shortName":"BT_HOST2"},
      {"name":"BT_HOST3", "title":"BT_HOST3", "shortName":"BT_HOST3"},
      {"name":"BT_2_4G",  "title":"BT_2_4G",  "shortName":"BT_2_4G"},
      {"name":"BT_USB",   "title":"BT_USB",   "shortName":"BT_USB"},
      {"name":"BT_SWITCH","title":"BT_SWITCH","shortName":"BT_SW"},
      {"name":"RGB_IND","title":"RGB_IND","shortName":"RGB_IND"}
    ],
    "layouts": {
      "presets": {
        "default": [
            0
        ]
    },
    "labels": [
        "7U Space"
    ],
        "keymap":
        [
            [
              {
                "c": "#aaaaaa"
              },
              "0,0",
              {
                "c": "#cccccc"
              },
              "0,1",
              "0,2",
              "0,3",
              "0,4",
              "0,5",
              "0,6",
              "0,7",
              "0,8",
              "0,9",
              "0,10",
              "0,11",
              "0,12",
              {
                "c": "#aaaaaa",
                "w": 2
              },
              "0,13",
              {
                "x": 0.25
              },
              "0,14",
              "0,15",
              "0,16"
            ],
            [
              {
                "w": 1.5
              },
              "1,0",
              {
                "c": "#cccccc"
              },
              "1,1",
              "1,2",
              "1,3",
              "1,4",
              "1,5",
              "1,6",
              "1,7",
              "1,8",
              "1,9",
              "1,10",
              "1,11",
              "1,12",
              {
                "c": "#aaaaaa",
                "w": 1.5
              },
              "1,13",
              {
                "x": 0.25
              },
              "1,14",
              "1,15",
              "1,16"
            ],
            [
              {
                "w": 1.75
              },
              "2,0",
              {
                "c": "#cccccc"
              },
              "2,1",
              "2,2",
              "2,3",
              "2,4",
              "2,5",
              "2,6",
              "2,7",
              "2,8",
              "2,9",
              "2,10",
              "2,11",
              {
                "c": "#777777",
                "w": 2.25
              },
              "2,13"
            ],
            [
              {
                "c": "#aaaaaa",
                "w": 2.25
              },
              "3,0",
              {
                "c": "#cccccc"
              },
              "3,1",
              "3,2",
              "3,3",
              "3,4",
              "3,5",
              "3,6",
              "3,7",
              "3,8",
              "3,9",
              "3,10",
              {
                "c": "#aaaaaa",
                "w": 2.75
              },
              "3,13",
              {
                "x": 1.25,
                "c": "#777777"
              },
              "3,15"
            ],
            [
              {
                "c": "#aaaaaa",
                "w": 1.25
              },
              "4,0\n\n\n0,0",
              {
                "w": 1.25
              },
              "4,1\n\n\n0,0",
              {
                "w": 1.25
              },
              "4,2\n\n\n0,0",
              {
                "w": 6.25
              },
              "4,5\n\n\n0,0",
              {
                "w": 1.25
              },
              "4,9\n\n\n0,0",
              {
                "w": 1.25
              },
              "4,10\n\n\n0,0",
              {
                "w": 1.25
              },
              "4,11\n\n\n0,0",
              {
                "w": 1.25
              },
              "4,13\n\n\n0,0",
              {
                "x": 0.25,
                "c": "#777777"
              },
              "4,14",
              "4,15",
              "4,16"
            ],
            [
              {
                "y": 0.25,
                "c": "#aaaaaa",
                "w": 1.5
              },
              "4,0\n\n\n0,1",
              "4,1\n\n\n0,1",
              {
                "w": 1.5
              },
              "4,2\n\n\n0,1",
              {
                "c": "#cccccc",
                "w": 7
              },
              "4,5\n\n\n0,1",
              {
                "c": "#aaaaaa",
                "w": 1.5
              },
              "4,9\n\n\n0,1",
              "4,10\n\n\n0,1",
              {
                "w": 1.5
              },
              "4,13\n\n\n0,1"
            ]
          ]
    }
}
