{
    "name": "Kyubi_Alice_fire",
    "vendorId": "0x4321",
    "productId": "0x0039",
    "keycodes": ["qmk_lighting"],
    "menus": ["qmk_rgb_matrix"],
    "matrix": {"rows": 5, "cols": 15},
    "layouts": {
      "labels": [
          "Split Backspace",
          ["Rshift","1U+1.75U","1.75U+1U"],
          "1.5U+1.5U",
          ["Lspace","3U","2.75U","2.25U"],
          ["Rspace","3U","2.75U"]
      ],
      "keymap": [
        [{"y":0.9,"x":0.55},"1,0"],
        [{"y":-0.9,"x":1.7},"0,0","0,1",{"x":10.55},"0,12"],
        [{"y":-1,"x":13.25},"0,11",{"x":1},"0,13\n\n\n0,0","0,14\n\n\n0,0",{"w":2},"0,13\n\n\n0,1"],
        [{"y":-0.1,"x":0.35},"2,0"],
        [{"y":-0.9,"x":1.5,"w":1.5},"1,1","1,2",{"x":8.95},"1,11","1,12","1,13",{"w":1.5},"1,14"],
        [{"y":-0.1,"x":0.15},"3,0"],
        [{"y":-0.9,"x":1.3,"w":1.75},"2,1","2,2",{"x":9.27},"2,11",{"x":0.02},"2,12",{"x":0.02,"w":2.25},"2,14"],
        [{"y":-0.1},"4,0"],
        [{"y":-0.9,"x":1.1,"w":2.25},"3,1","3,2",{"x":8.75},"3,11","3,12","3,13\n\n\n1,0",{"w":1.75},"3,14\n\n\n1,0",{"x":0.15,"w":1.75},"3,13\n\n\n1,1","3,14\n\n\n1,1"],
        [{"x":1.1,"w":1.25},"4,1",{"w":1.25},"4,2",{"x":10.5},"4,12\n\n\n2,0","4,13\n\n\n2,0","4,14\n\n\n2,0",{"x":0.15,"w":1.5},"4,12\n\n\n2,1",{"w":1.5},"4,13\n\n\n2,1"],
        [{"r":12,"y":-6,"x":4},"0,2","0,3","0,4","0,5","0,6"],
        [{"x":4.5},"1,3","1,4","1,5","1,6"],
        [{"x":4.8},"2,3","2,4","2,5","2,6"],
        [{"x":5.3},"3,3","3,4","3,5","3,6"],
        [{"x":5.3,"w":1.25},"4,3\n\n\n3,0",{"w":3},"4,6\n\n\n3,0"],
        [{"x":5.25,"w":1.5},"4,3\n\n\n3,1",{"w":2.75},"4,6\n\n\n3,1"],
        [{"x":5.25,"w":1.25},"4,3\n\n\n3,2","4,4\n\n\n3,2",{"w":2},"4,6\n\n\n3,2"],
        [{"r":-12,"y":-3.4,"x":8.55},"0,7","0,8","0,9","0,10"],
        [{"x":8.057},"1,7",{"x":-0.007},"1,8","1,9","1,10"],
        [{"x":8.2},"2,7","2,8","2,9","2,10"],
        [{"x":7.75},"3,7","3,8","3,9","3,10"],
        [{"x":7.5,"w":3},"4,7\n\n\n4,0",{"w":1.25},"4,10\n\n\n4,0"],
        [{"x":7.5,"w":2.75},"4,7\n\n\n4,1",{"w":1.5},"4,10\n\n\n4,1"]
      ]
    }
  }
