{
	"name": "80Retros GB40",
	"vendorId": "0x36B0",
	"productId": "0x305E",
	"keycodes": ["qmk_lighting"],
	"customKeycodes": [
		{"name": "2.4G",     "title": "Set to 2.4G working mode",                "shortName": "MD_24G"   },
		{"name": "BLE1",     "title": "Set to Bluetooth Channel 1 working mode", "shortName": "MD_BLE1"  },
		{"name": "BLE2",     "title": "Set to Bluetooth Channel 2 working mode", "shortName": "MD_BLE2"  },
		{"name": "BLE3",     "title": "Set to Bluetooth Channel 3 working mode", "shortName": "MD_BLE3"  },
		{"name": "USB",	     "title": "Set to USB working mode",                 "shortName": "MD_USB"   },
		{"name": "BAT",      "title": "Querying Battery Status",                 "shortName": "QK_BAT"   },
		{"name": "WLO",      "title": "Lock WIN",                                "shortName": "QK_WLO"   },
		{"name": "SIX_N",    "title": "Full-key six-key switch",                 "shortName": "SIX_N"    },
		{"name": "WI_WIL",    "title": "Wired wireless switching",               "shortName": "WI_WIL"   },
		{"name": "RTOG",     "title": "Toggle led lighting on or off",           "shortName": "RGB_RTOG" },
		{"name": "U_EE_CLR", "title": "Customize the reset button",              "shortName": "U_EE_CLR" }
	],
	"matrix": { "rows": 5, "cols": 12 },
	"layouts": {
		"keymap": [
			[
                { "c":"#777777" },
				{ "w":1.0,  "h":1.0,  "x":0.0 },  "0,0"
			],

			[
				{ "c":"#cccccc" },
				{ "y":-1.0 },
				{ "w":1.0,  "h":1.0,  "x":1.0 },  "1,1",
				{ "w":1.0,  "h":1.0,  "x":0.0 },  "1,2",
				{ "w":1.0,  "h":1.0,  "x":0.0 },  "1,3",
				{ "w":1.0,  "h":1.0,  "x":0.0 },  "1,4",
				{ "w":1.0,  "h":1.0,  "x":0.0 },  "1,5",
				{ "w":1.0,  "h":1.0,  "x":0.0 },  "1,6",
				{ "w":1.0,  "h":1.0,  "x":0.0 },  "1,7",
				{ "w":1.0,  "h":1.0,  "x":0.0 },  "1,8",
				{ "w":1.0,  "h":1.0,  "x":0.0 },  "1,9",
				{ "w":1.0,  "h":1.0,  "x":0.0 },  "1,10",
				{ "c":"#aaaaaa" },
				{ "w":1.75, "h":1.0,  "x":0.0 },  "1,11"
			],

			[
				{ "c":"#aaaaaa" },
				{ "w":1.25, "h":1.0,  "x":0.0 },  "2,0",
				{ "c":"#cccccc" },
				{ "w":1.0,  "h":1.0,  "x":0.0 },  "2,1",
				{ "w":1.0,  "h":1.0,  "x":0.0 },  "2,2",
				{ "w":1.0,  "h":1.0,  "x":0.0 },  "2,3",
				{ "w":1.0,  "h":1.0,  "x":0.0 },  "2,4",
				{ "w":1.0,  "h":1.0,  "x":0.0 },  "2,5",
				{ "w":1.0,  "h":1.0,  "x":0.0 },  "2,6",
				{ "w":1.0,  "h":1.0,  "x":0.0 },  "2,7",
				{ "w":1.0,  "h":1.0,  "x":0.0 },  "2,8",
				{ "w":1.0,  "h":1.0,  "x":0.0 },  "2,9",
				{ "w":1.0,  "h":1.0,  "x":0.0 },  "2,10",
				{ "c":"#777777" },
				{ "w":1.5,  "h":1.0,  "x":0.0 },  "2,11"
			],

			[
				{ "c":"#aaaaaa" },
				{ "w":1.75, "h":1.0,  "x":0.0 },  "3,0",
				{ "c":"#cccccc" },
				{ "w":1.0,  "h":1.0,  "x":0.0 },  "3,1",
				{ "w":1.0,  "h":1.0,  "x":0.0 },  "3,2",
				{ "w":1.0,  "h":1.0,  "x":0.0 },  "3,3",
				{ "w":1.0,  "h":1.0,  "x":0.0 },  "3,4",
				{ "w":1.0,  "h":1.0,  "x":0.0 },  "3,5",
				{ "w":1.0,  "h":1.0,  "x":0.0 },  "3,6",
				{ "w":1.0,  "h":1.0,  "x":0.0 },  "3,7",
				{ "w":1.0,  "h":1.0,  "x":0.0 },  "3,8",
				{ "w":1.0,  "h":1.0,  "x":0.0 },  "3,9",
				{ "c":"#777777" },
				{ "w":1.0,  "h":1.0,  "x":0.0 },  "3,10",
				{ "c":"#aaaaaa" },
				{ "w":1.0,  "h":1.0,  "x":0.0 },  "3,11"
			],

			[
				{ "c":"#aaaaaa" },
				{ "w":1.25, "h":1.0,  "x":0.0 },  "4,0",
				{ "w":1.25, "h":1.0,  "x":0.0 },  "4,1",
				{ "w":1.25, "h":1.0,  "x":0.0 },  "4,2",
				{ "c":"#cccccc" },
				{ "w":2.25, "h":1.0,  "x":0.0 },  "4,4",
				{ "w":2.75, "h":1.0,  "x":0.0 },  "4,6",
				{ "c":"#aaaaaa" },
				{ "w":1.0,  "h":1.0,  "x":0.0 },  "4,8",
				{ "c":"#777777" },
				{ "w":1.0,  "h":1.0,  "x":0.0 },  "4,9",
				{ "w":1.0,  "h":1.0,  "x":0.0 },  "4,10",
				{ "w":1.0,  "h":1.0,  "x":0.0 },  "4,11"
			]
		]
	}
}
