{ "name": "ahollc",
  "vendorId": "0xA103",
  "productId": "0xAAB7",
  "matrix": {"rows": 5,"cols": 15},
  "firmwareVersion": 0,
  "keycodes": ["qmk_lighting"],
  "menus": [
    {
      "label": "Lighting",
      "content": [
        {"label": "\u706f\u7ec4\u5f00\u5173",
          "content": [
            {"label": "\u5168\u90e8\u706f","type": "toggle","content": ["id_rgb_matrix_toggle[0]", 5, 1, 0]},
            {"label": "Logo\u706f","type": "toggle","content": ["id_rgb_matrix_toggle[1]", 5, 1, 1]},
            {"label": "\u5de6\u7f1d\u706f","type": "toggle","content": ["id_rgb_matrix_toggle[2]", 5, 1, 2]},
            {"label": "\u53f3\u7f1d\u706f","type": "toggle","content": ["id_rgb_matrix_toggle[3]", 5, 1, 3]}]},
        {"label": "Logo\u706f",
          "content": [
            {"label": "\u4eae\u5ea6","type": "range","options": [0,200],
             "content": ["id_qmk_rgb_matrix_brightness",3,1]},
            {"label": "\u706f\u6548",
             "type": "dropdown",
             "content": ["id_qmk_rgb_matrix_effect",3,2],
             "options": [
              ["\u5173\u95ed", 0],
              [
                "\u9759\u6001\u5355\u8272",
                1
              ],
              [
                "\u9759\u6001\u7eb5\u5411\u6e10\u53d8",
                2
              ],
              [
                "\u9759\u6001\u6a2a\u5411\u6e10\u53d8",
                3
              ],
              [
                "\u5355\u8272\u547c\u5438",
                4
              ],
              [
                "\u80cc\u5149\u6a2a\u5411\u6eda\u52a8",
                5
              ],
              [
                "\u5355\u8272\u6a2a\u5411\u6eda\u52a8",
                6
              ],
              [
                "\u5f69\u8679\u5faa\u73af",
                7
              ],
              [
                "\u6a2a\u5411\u5f69\u8679",
                8
              ],
              [
                "\u7eb5\u5411\u5f69\u8679",
                9
              ],
              [
                "V\u578b\u5f69\u8679",
                10
              ],
              [
                "\u5f69\u8679\u6f29\u6da1",
                11
              ],
              [
                "\u5f69\u8679\u98ce\u8f66",
                12
              ],
              [
                "\u5f69\u8679\u87ba\u65cb",
                13
              ],
              [
                "\u5faa\u73af\u547c\u5438",
                14
              ],
              [
                "\u5faa\u73af\u6a2a\u5411\u6eda\u52a8",
                15
              ],
              [
                "\u53cd\u5411\u6a2a\u5411\u5f69\u8679",
                16
              ],
              [
                "\u53cd\u5411\u7eb5\u5411\u5f69\u8679",
                17
              ],
              [
                "\u5f69\u8679\u6d9f\u6f2a",
                18
              ],
              [
                "\u5faa\u73af\u86c7\u5f62\u706f\u6548",
                19
              ]
            ]
          },
            {
              "showIf": "{id_qmk_rgb_matrix_effect} != 0",
              "label": "\u901f\u5ea6",
              "type": "range",
              "options": [0,255],
              "content": ["id_qmk_rgb_matrix_effect_speed",3,3]
            },
            {
              "showIf": "{id_qmk_rgb_matrix_effect} != 0",
              "label": "\u989c\u8272",
              "type": "color",
              "content": ["id_qmk_rgb_matrix_color",3,4]
            }
          ]
        },
        {
          "label": "\u7f1d\u706f",
          "content": [
            {
              "showIf": "{id_underglow_rgb_matrix_effect} != 1",
              "label": "\u4eae\u5ea6",
              "type": "range",
              "options": [0,200],
              "content": ["id_underglow_rgb_matrix_brightness",5,2]
            },
            {
              "label": "\u706f\u6548",
              "type": "dropdown",
              "content": ["id_underglow_rgb_matrix_effect",5,3],
              "options": [
                ["\u540c\u6b65\u5168\u5c40", 1],
                ["\u5355\u8272\u547c\u5438", 2],
                ["\u5faa\u73af\u547c\u5438", 3],
                ["\u5faa\u73af\u6a2a\u5411\u6eda\u52a8", 4], 
                ["\u5faa\u73af\u98ce\u8f66", 5],
                ["\u5f69\u8679\u5faa\u73af", 6],
                ["\u6a2a\u5411\u5f69\u8679", 7],
                ["\u7eb5\u5411\u5f69\u8679", 8],
                ["\u5f69\u8679\u6f29\u6da1", 9],
                ["\u5f69\u8679\u6d9f\u6f2a", 10],
                ["\u5f69\u8679\u98ce\u8f66", 11],
                ["\u5f69\u8679\u87ba\u65cb", 12],
                ["\u53d8\u901f\u6a2a\u5411\u5f69\u8679", 13],
                ["\u53d8\u901f\u5f69\u8679\u98ce\u8f66", 14],
                ["\u53d8\u901f\u5faa\u73af\u547c\u5438", 15],
                ["\u53d8\u901f\u5f69\u8679\u87ba\u65cb", 16],
                ["\u53d8\u901f\u5f69\u8679\u6d9f\u6f2a", 17]
              ]
            },
            {
              "showIf": "{id_underglow_rgb_matrix_effect} != 1",
              "label": "\u901f\u5ea6",
              "type": "range",
              "options": [0,255],
              "content": ["id_underglow_rgb_matrix_effect_speed",5,4]
            },
            {
              "showIf": "{id_underglow_rgb_matrix_effect} != 1",
              "label": "\u989c\u8272",
              "type": "color",
              "content": ["id_underglow_rgb_matrix_color",5,5]
            }
          ]
        },
                 
        {
          "label": "\u5de6\u7f1d\u706f",
          "content": [
            {
              "label": "\u5de6\u7f1d\u9699\u706f\u7ec41",
              "type": "toggle",
              "content": [
                "id_rgb_control_enable4",
                66,
                1,
                3
              ]
            },
            {
              "showIf": "{id_rgb_control_enable4} != 0",
              "label": "\u5de6\u7f1d\u9699\u706f\u7ec41 \u4eae\u5ea6",
              "type": "range",
              "options": [1,200],
              "content": ["id_rgb_control_brightness4",66,2,3]
            },
            {
              "showIf": "{id_rgb_control_enable4} != 0",
              "label": "\u53f3\u7f1d\u9699\u706f\u7ec41 \u989c\u8272",
              "type": "color",
              "content": ["id_rgb_control_color4",66,3,3]
            },
            {
              "label": "\u5de6\u7f1d\u9699\u706f\u7ec42",
              "type": "toggle",
              "content": [
                "id_rgb_control_enable3",
                66,
                1,
                2
              ]
            },
            {
              "showIf": "{id_rgb_control_enable3} != 0",
              "label": "\u5de6\u7f1d\u9699\u706f\u7ec42 \u4eae\u5ea6",
              "type": "range",
              "options": [
                1,
                200
              ],
              "content": [
                "id_rgb_control_brightness3",
                66,
                2,
                2
              ]
            },
            {
              "showIf": "{id_rgb_control_enable3} != 0",
              "label": "\u53f3\u7f1d\u9699\u706f\u7ec42 \u989c\u8272",
              "type": "color",
              "content": [
                "id_rgb_control_color3",
                66,
                3,
                2
              ]
            },
            {
              "label": "\u5de6\u7f1d\u9699\u706f\u7ec43",
              "type": "toggle",
              "content": [
                "id_rgb_control_enable2",
                66,
                1,
                1
              ]
            },
            {
              "showIf": "{id_rgb_control_enable2} != 0",
              "label": "\u5de6\u7f1d\u9699\u706f\u7ec43 \u4eae\u5ea6",
              "type": "range",
              "options": [
                1,
                200
              ],
              "content": [
                "id_rgb_control_brightness2",
                66,
                2,
                1
              ]
            },
            {
              "showIf": "{id_rgb_control_enable2} != 0",
              "label": "\u5de6\u7f1d\u9699\u706f\u7ec43 \u989c\u8272",
              "type": "color",
              "content": [
                "id_rgb_control_color2",
                66,
                3,
                1
              ]
            },
            {
              "label": "\u5de6\u7f1d\u9699\u706f\u7ec44",
              "type": "toggle",
              "content": ["id_rgb_control_enable1",66,1,0]
            },
            {
              "showIf": "{id_rgb_control_enable1} != 0",
              "label": "\u5de6\u7f1d\u9699\u706f\u7ec44 \u4eae\u5ea6",
              "type": "range",
              "options": [
                1,
                200
              ],
              "content": [
                "id_rgb_control_brightness1",
                66,
                2,
                0
              ]
            },
            {
              "showIf": "{id_rgb_control_enable1} != 0",
              "label": "\u5de6\u7f1d\u9699\u706f\u7ec44 \u989c\u8272",
              "type": "color",
              "content": [
                "id_rgb_control_color1",
                66,
                3,
                0
              ]
            }
          ]
        },
        {
          "label": "\u53f3\u7f1d\u706f",
          "content": [
            {
              "label": "\u53f3\u7f1d\u9699\u706f\u7ec41",
              "type": "toggle",
              "content": ["id_rgb_control_enable5",66,1,4]
            },
            {
              "showIf": "{id_rgb_control_enable5} != 0",
              "label": "\u53f3\u7f1d\u9699\u706f\u7ec41 \u4eae\u5ea6",
              "type": "range",
              "options": [1,200],
              "content": ["id_rgb_control_brightness5",66,2,4]
            },
            {
              "showIf": "{id_rgb_control_enable5} != 0",
              "label": "\u53f3\u7f1d\u9699\u706f\u7ec41 \u989c\u8272",
              "type": "color",
              "content": ["id_rgb_control_color5",66,3,4]
            },
            {
              "label": "\u53f3\u7f1d\u9699\u706f\u7ec42",
              "type": "toggle",
              "content": ["id_rgb_control_enable6",66,1,5]
            },
            {
              "showIf": "{id_rgb_control_enable6} != 0",
              "label": "\u53f3\u7f1d\u9699\u706f\u7ec42 \u4eae\u5ea6",
              "type": "range",
              "options": [1,200],
              "content": ["id_rgb_control_brightness6",66,2,5]
            },
            {
              "showIf": "{id_rgb_control_enable6} != 0",
              "label": "\u53f3\u7f1d\u9699\u706f\u7ec42 \u989c\u8272",
              "type": "color",
              "content": ["id_rgb_control_color6",66,3,5]
            },
            {
              "label": "\u53f3\u7f1d\u9699\u706f\u7ec43",
              "type": "toggle",
              "content": ["id_rgb_control_enable7",66,1,6]
            },
            {
              "showIf": "{id_rgb_control_enable7} != 0",
              "label": "\u53f3\u7f1d\u9699\u706f\u7ec43 \u4eae\u5ea6",
              "type": "range",
              "options": [1,200],
              "content": ["id_rgb_control_brightness7",66,2,6]
            },
            {
              "showIf": "{id_rgb_control_enable7} != 0",
              "label": "\u53f3\u7f1d\u9699\u706f\u7ec43 \u989c\u8272",
              "type": "color",
              "content": ["id_rgb_control_color7",66,3,6]
            },
            {
              "label": "\u53f3\u7f1d\u9699\u706f\u7ec44",
              "type": "toggle",
              "content": ["id_rgb_control_enable8",66,1,7]
            },
            {
              "showIf": "{id_rgb_control_enable8} != 0",
              "label": "\u53f3\u7f1d\u9699\u706f\u7ec44 \u4eae\u5ea6",
              "type": "range",
              "options": [1,200],
              "content": ["id_rgb_control_brightness8",66,2,7]
            },
            {
              "showIf": "{id_rgb_control_enable8} != 0",
              "label": "\u53f3\u7f1d\u9699\u706f\u7ec44 \u989c\u8272",
              "type": "color",
              "content": ["id_rgb_control_color8",66,3,7]
            }
          ]
        },
        {
          "label": "\u6307\u793a\u706f",
          "content": [
            {
              "label": "\u6307\u793a\u706f\u5e38\u4eae\u0028\u5173\u95ed\u706f\u5149\u540e\u4ecd\u5f00\u542f\u0029",
              "type": "toggle",
              "content": ["id_rgb_indicators_override",6,1]
            },
            {
              "showIf": "{id_rgb_indicators_effect1} != 0",
              "label": "Caps Lock \u4eae\u5ea6",
              "type": "range",
              "options": [0,200],
              "content": ["id_rgb_indicators_brightness[1]",6,2,1]
            },
            {
              "label": "Caps Lock \u706f\u6548",
              "type": "dropdown",
              "content": ["id_rgb_indicators_effect1",6,3,1],
              "options": [
                [
                  "\u5173\u95ed",
                  0
                ],
                [
                  "\u9759\u6001\u5355\u8272",
                  1
                ],
                [
                  "\u5355\u8272\u547c\u5438",
                  2
                ],
                [
                  "\u5faa\u73af\u547c\u5438",
                  3
                ],
                [
                  "\u5f69\u8679\u5faa\u73af",
                  4
                ],
                [
                  "\u968f\u673a\u53d8\u6362",
                  5
                ],
                [
                  "\u968f\u673a\u8272\u5f69",
                  6
                ]
              ]
            },
            {
              "showIf": "{id_rgb_indicators_effect1} != 0",
              "label": "Caps Lock\u706f\u73e0",
              "type": "dropdown",
              "content": ["id_rgb_indicators_led[1]",6,5,1],
              "options": [
                ["\u5168\u90e8\u706f", 0],
                ["Logo\u706f", 1],
                ["\u5de6\u7f1d\u706f", 2],
                ["\u53f3\u7f1d\u706f", 3],
                ["Led 0",4],
                ["Led 1",5],
                ["Led 2",6],
                ["Led 3",7],
                ["Led 4",8],
                ["Led 5",9],
                ["Led 6",10],
                ["Led 7",11],
                ["Led 8",12],
                ["Led 9",13],
                ["Led 10",14],
                ["Led 11",15],
                ["Led 12",16],
                ["Led 13",17],
                ["Led 14",18],
                ["Led 15",19],
                ["Led 16",20],
                ["Led 17",21],
                ["Led 18",22],
                ["Led 19",23],
                ["Led 20",24],
                ["Led 21",25],
                ["Led 22",26],
                ["Led 23",27],
                ["Led 24",28],
                ["Led 25",29],
                ["Led 26",30],
                ["Led 27",31]
              ]
            },
            {
              "showIf": "{id_rgb_indicators_effect1} != 0",
              "label": "Caps Lock \u989c\u8272",
              "type": "color",
              "content": [
                "id_rgb_indicators_color[1]",
                6,
                4,
                1
              ]
            },
            {
              "showIf": "{id_rgb_indicators_effect0} != 0",
              "label": "Num Lock \u4eae\u5ea6",
              "type": "range",
              "options": [
                0,
                255
              ],
              "content": [
                "id_rgb_indicators_brightness[0]",
                6,
                2,
                0
              ]
            },
            {
              "label": "Num Lock \u706f\u6548",
              "type": "dropdown",
              "content": [
                "id_rgb_indicators_effect0",
                6,
                3,
                0
              ],
              "options": [
                [
                  "\u5173\u95ed",
                  0
                ],
                [
                  "\u9759\u6001\u5355\u8272",
                  1
                ],
                [
                  "\u5355\u8272\u547c\u5438",
                  2
                ],
                [
                  "\u5faa\u73af\u547c\u5438",
                  3
                ],
                [
                  "\u5f69\u8679\u5faa\u73af",
                  4
                ],
                [
                  "\u968f\u673a\u53d8\u6362",
                  5
                ],
                [
                  "\u968f\u673a\u8272\u5f69",
                  6
                ]
              ]
            },
            {
              "showIf": "{id_rgb_indicators_effect0} != 0",
              "label": "Num Lock\u706f\u73e0",
              "type": "dropdown",
              "content": [
                "id_rgb_indicators_led[0]",
                6,
                5,
                0
              ],
              "options": [
                ["\u5168\u90e8\u706f", 0],
                ["Logo\u706f", 1],
                ["\u5de6\u7f1d\u706f", 2],
                ["\u53f3\u7f1d\u706f", 3],
                ["Led 0",4],
                ["Led 1",5],
                ["Led 2",6],
                ["Led 3",7],
                ["Led 4",8],
                ["Led 5",9],
                ["Led 6",10],
                ["Led 7",11],
                ["Led 8",12],
                ["Led 9",13],
                ["Led 10",14],
                ["Led 11",15],
                ["Led 12",16],
                ["Led 13",17],
                ["Led 14",18],
                ["Led 15",19],
                ["Led 16",20],
                ["Led 17",21],
                ["Led 18",22],
                ["Led 19",23],
                ["Led 20",24],
                ["Led 21",25],
                ["Led 22",26],
                ["Led 23",27],
                ["Led 24",28],
                ["Led 25",29],
                ["Led 26",30],
                ["Led 27",31]
              ]
            
            },
              {
                "showIf": "{id_rgb_indicators_effect0} != 0",
                "label": "Num Lock \u989c\u8272",
                "type": "color",
                "content": [
                  "id_rgb_indicators_color[0]",
                  6,
                  4,
                  0
                ]
              }
          ]
        }
      ]
    },
    {
      "label": "Magic\u8bbe\u7f6e",
      "content": [
        {
          "label": "\u952e\u76d8\u8bbe\u7f6e",
          "content": [
            {
              "label": "\u91cd\u7f6e\u6d88\u6296\u8bbe\u7f6e\u0028\u9700\u91cd\u65b0\u63d2\u62d4\u952e\u76d8\u0029",
              "type": "toggle",
              "content": ["id_advanced_magic_settings_reset", 8, 0]
            },
            {
              "label": "\u6d88\u6296\u65f6\u95f4",
              "type": "range",
              "options": [
                1,
                15
              ],
              "content": [
                "id_advanced_magic_debounce",
                8,
                1
              ]
            }
          ]
        },
        {
          "label": "Magic\u8bbe\u7f6e",
          "content": [
              {
                  "label": "\u5f00\u542f\u5168\u952e\u65e0\u51b2",
                  "type": "toggle",
                  "content": ["id_magic_nkro", 7, 1]
              },
              {
                  "label": "\u9501\u5b9aGui\u952e",
                  "type": "toggle",
                  "content": ["id_magic_no_gui", 7, 2]
              },
              {
                  "label": "Caps\u952e\u89c6\u4e3aCtrl\u952e",
                  "type": "toggle",
                  "content": ["id_magic_capslock_to_control", 7, 3]
              },
              {
                  "label": "\u4ea4\u6362Ctrl\u548cCaps\u952e",
                  "type": "toggle",
                  "content": ["id_magic_swap_control_capslock", 7, 4]
              },
              {
                  "label": "\u4ea4\u6362ESC\u548cCaps\u952e",
                  "type": "toggle",
                  "content": ["id_magic_swap_escape_capslock", 7, 5]
              },
              {
                  "label": "\u4ea4\u6362LAlt\u548cLGui\u952e",
                  "type": "toggle",
                  "content": ["id_magic_swap_lalt_lgui", 7, 6]
              },
              {
                  "label": "\u4ea4\u6362RAlt\u548cRGui\u952e",
                  "type": "toggle",
                  "content": ["id_magic_swap_ralt_rgui", 7, 7]
              },
              {
                  "label": "\u4ea4\u6362LCtrl\u548cLGui\u952e",
                  "type": "toggle",
                  "content": ["id_magic_swap_lctl_lgui", 7, 8]
              },
              {
                  "label": "\u4ea4\u6362RCtrl\u548cRGui\u952e",
                  "type": "toggle",
                  "content": ["id_magic_swap_rctl_rgui", 7, 9]
              },
              {
                  "label": "\u4ea4\u6362 ` \u548c Esc\u952e",
                  "type": "toggle",
                  "content": ["id_magic_swap_grave_esc", 7, 10]
              },
              {
                  "label": "\u4ea4\u6362 \\ \u548c Backspace\u952e",
                  "type": "toggle",
                  "content": ["id_magic_swap_backslash_backspace", 7, 11]
              },
              {
                  "label": "\u542f\u7528Oneshot",
                  "type": "toggle",
                  "content": ["id_magic_oneshot_enable", 7, 12]
              },
              {
                  "label": "\u542f\u7528\u81ea\u52a8\u6821\u6b63",
                  "type": "toggle",
                  "content": ["id_magic_autocorrect_enable", 7, 13]
              }
          ]
      },
        {
          "label": "Grave Esc\u8bbe\u7f6e",
          "content": [
              {
                  "label": "Alt\u952e\u6309\u4e0b\u65f6\u53d1\u9001Esc\u6309\u952e",
                  "type": "toggle",
                  "content": ["id_advanced_magic_grave_esc_override[0]", 8, 11, 0]
              },
              {
                  "label": "Ctrl\u952e\u6309\u4e0b\u65f6\u53d1\u9001Esc\u6309\u952e",
                  "type": "toggle",
                  "content": ["id_advanced_magic_grave_esc_override[1]", 8, 11, 1]
              },
              {
                  "label": "Gui\u952e\u6309\u4e0b\u65f6\u53d1\u9001Esc\u6309\u952e",
                  "type": "toggle",
                  "content": ["id_advanced_magic_grave_esc_override[2]", 8, 11, 2]
              },
              {
                  "label": "Shift\u952e\u6309\u4e0b\u65f6\u53d1\u9001Esc\u6309\u952e",
                  "type": "toggle",
                  "content": ["id_advanced_magic_grave_esc_override[3]", 8, 11, 3]
              }
          ]
      },
      {
        "label": "\u5355\u51fb\u957f\u6309\u8bbe\u7f6e",
        "content": [
            {
                "label": "\u5141\u8bb8\u5355\u51fb\u89e6\u53d1\u957f\u6309\u5207\u5c42\u952e",
                "type": "toggle",
                "content": ["id_advanced_magic_tap_hold_config[0]", 8, 12, 0]
            },
            {
                "label": "\u957f\u6309\u5207\u5c42\u540e\u65e0\u52a8\u4f5c\u5219\u53d1\u9001\u70b9\u51fb\u952e\u503c",
                "type": "toggle",
                "content": ["id_advanced_magic_tap_hold_config[1]", 8, 12, 1]
            },
            {
                "label": "\u5176\u4ed6\u952e\u6309\u4e0b\u540e\u4fdd\u6301\u5207\u5c42",
                "type": "toggle",
                "content": ["id_advanced_magic_tap_hold_config[2]", 8, 12, 2]
            },
            {
                "label": "\u7b2cN\u6b21\u70b9\u51fb\u89e6\u53d1\u957f\u6309\u529f\u80fd",
                "type": "range",
                "options": [0, 255],
                "content": ["id_advanced_magic_tapping_toggle_times", 8, 13]
            },
            {
                "label": "\u5355\u51fb\u5224\u5b9a\u65f6\u95f4(ms)",
                "type": "range",
                "options": [0, 9999],
                "content": ["id_advanced_magic_tapping_term", 8, 14]
            },
            {
                "label": "\u5feb\u901f\u5355\u51fb\u5224\u5b9a\u65f6\u95f4(ms)",
                "type": "range",
                "options": [0, 9999],
                "content": ["id_advanced_magic_quick_tap_term", 8, 15]
            },
            {
                "label": "\u6309\u4e0b\u4e0e\u91ca\u653e\u952e\u95f4\u5ef6\u8fdf\u65f6\u95f4(ms)",
                "type": "range",
                "options": [0, 9999],
                "content": ["id_advanced_magic_tap_code_delay", 8, 16]
            },
            {
                "label": "Caps\u952e\u6fc0\u6d3b\u5ef6\u8fdf\u65f6\u95f4(ms)",
                "type": "range",
                "options": [0, 9999],
                "content": ["id_advanced_magic_tap_hold_caps_delay", 8, 17]
            }
        ]
    },
        {
          "label": "OneShot\u8bbe\u7f6e",
          "content": [
              {
                  "label": "\u542f\u7528Oneshot",
                  "type": "toggle",
                  "content": ["id_magic_oneshot_enable", 7, 12]
              },
              {
                  "showIf": "{id_magic_oneshot_enable} != 0",
                  "label": "Oneshot\u7684\u6709\u6548\u6309\u952e\u6b21\u6570",
                  "type": "range",
                  "options": [0, 255],
                  "content": ["id_advanced_magic_oneshot_tap_toggle", 8, 20]
              },
              {
                  "showIf": "{id_magic_oneshot_enable} != 0",
                  "label": "Oneshot\u91ca\u653e\u65f6\u95f4",
                  "type": "range",
                  "options": [0, 9999],
                  "content": ["id_advanced_magic_oneshot_timeout", 8, 21]
              }
          ]
      },
      {
        "label": "\u81ea\u52a8Shift\u8bbe\u7f6e",
        "content": [
            {
                "label": "\u542f\u7528\u81ea\u52a8Shift",
                "type": "toggle",
                "content": ["id_advanced_magic_auto_shift_config0", 8, 18, 0]
            },
            {
                "showIf": "{id_advanced_magic_auto_shift_config0} != 0",
                "label": "\u4fee\u9970\u952e\u542f\u7528",
                "type": "toggle",
                "content": ["id_advanced_magic_auto_shift_config[1]", 8, 18, 1]
            },
            {
                "showIf": "{id_advanced_magic_auto_shift_config0} != 0",
                "label": "\u5b57\u6bcd\u952e\u4e0d\u542f\u7528",
                "type": "toggle",
                "content": ["id_advanced_magic_auto_shift_config[2]", 8, 18, 2]
            },
            {
                "showIf": "{id_advanced_magic_auto_shift_config0} != 0",
                "label": "\u6570\u5b57\u952e\u4e0d\u542f\u7528",
                "type": "toggle",
                "content": ["id_advanced_magic_auto_shift_config[3]", 8, 18, 3]
            },
            {
                "showIf": "{id_advanced_magic_auto_shift_config0} != 0",
                "label": "\u7b26\u53f7\u952e\u4e0d\u542f\u7528",
                "type": "toggle",
                "content": ["id_advanced_magic_auto_shift_config[4]", 8, 18, 4]
            },
            {
                "showIf": "{id_advanced_magic_auto_shift_config0} != 0",
                "label": "\u542f\u7528\u957f\u6309\u529f\u80fd",
                "type": "toggle",
                "content": ["id_advanced_magic_auto_shift_config[5]", 8, 18, 5]
            },
            {
                "showIf": "{id_advanced_magic_auto_shift_config0} != 0",
                "label": "\u89e6\u53d1\u540e\u5173\u95ed\u957f\u6309\u529f\u80fd",
                "type": "toggle",
                "content": [
                    "id_advanced_magic_auto_shift_config[6]", 8, 18, 6]
            },
            {
                "showIf": "{id_advanced_magic_auto_shift_config0} != 0",
                "label": "\u81ea\u52a8Shift\u89e6\u53d1\u65f6\u95f4(ms)",
                "type": "range",
                "options": [0, 9999],
                "content": ["id_advanced_magic_auto_shift_timeout", 8, 17]
            }
        ]
    },
    {
      "label": "\u7ec4\u5408\u952e\u8bbe\u7f6e",
      "content": [
          {
              "label": "\u542f\u7528\u7ec4\u5408\u952e",
              "type": "toggle",
              "content": ["id_advanced_magic_combo_config0", 8, 22, 0]
          },
          {
              "showIf": "{id_advanced_magic_combo_config0} != 0",
              "label": "\u7ec4\u5408\u952e\u5728\u70b9\u51fb\u6216\u957f\u6309\u65f6\u89e6\u53d1",
              "type": "toggle",
              "content": ["id_advanced_magic_combo_config[1]", 8, 22, 1]
          },
          {
              "showIf": "{id_advanced_magic_combo_config0} != 0",
              "label": "\u7ec4\u5408\u952e\u4ec5\u5728\u70b9\u51fb\u65f6\u89e6\u53d1",
              "type": "toggle",
              "content": ["id_advanced_magic_combo_config[2]", 8, 22, 2]
          },
          {
              "showIf": "{id_advanced_magic_combo_config0} != 0",
              "label": "\u7ec4\u5408\u952e\u4ec5\u6309\u987a\u5e8f\u6309\u4e0b\u6309\u952e\u65f6\u89e6\u53d1",
              "type": "toggle",
              "content": ["id_advanced_magic_combo_config[3]", 8, 22, 3]
          },
          {
              "showIf": "{id_advanced_magic_combo_config0} != 0",
              "label": "\u7ec4\u5408\u952e\u5224\u5b9a\u65f6\u95f4(ms)",
              "type": "range",
              "options": [0, 9999],
              "content": ["id_advanced_magic_combo_term", 8, 23]
          },
          {
              "showIf": "{id_advanced_magic_combo_config0} != 0",
              "label": "\u7ec4\u5408\u952e\u957f\u6309\u5224\u5b9a\u65f6\u95f4(ms)",
              "type": "range",
              "options": [0, 9999],
              "content": ["id_advanced_magic_combo_hold_term", 8, 24]
          }
      ]
  },
        {
          "label": "\u9f20\u6807\u952e\u8bbe\u7f6e",
          "content": [
              {
                  "label": "\u6309\u4e0b\u79fb\u52a8\u952e\u548c\u5149\u6807\u79fb\u52a8\u4e4b\u95f4\u7684\u5ef6\u8fdf",
                  "type": "range",
                  "options": [0, 255],
                  "content": ["id_advanced_magic_mk_delay", 8, 2]
              },
              {
                  "label": "\u5149\u6807\u79fb\u52a8\u4e4b\u95f4\u7684\u95f4\u9694\u65f6\u95f4(ms)",
                  "type": "range",
                  "options": [0, 255],
                  "content": ["id_advanced_magic_mk_interval", 8, 3]
              },
              {
                  "label": "\u79fb\u52a8\u6b65\u957f",
                  "type": "range",
                  "options": [0, 255],
                  "content": ["id_advanced_magic_mk_move_delta", 8, 4]
              },
              {
                  "label": "\u5149\u6807\u505c\u6b62\u52a0\u901f\u65f6\u7684\u6700\u5927\u901f\u5ea6",
                  "type": "range",
                  "options": [0, 255],
                  "content": ["id_advanced_magic_mk_max_speed", 8, 5]
              },
              {
                  "label": "\u5149\u6807\u8fbe\u5230\u6700\u5927\u901f\u5ea6\u7684\u65f6\u95f4",
                  "type": "range",
                  "options": [0, 255],
                  "content": ["id_advanced_magic_mk_time_to_max", 8, 6]
              },
              {
                  "label": "\u6309\u4e0b\u6eda\u8f6e\u952e\u548c\u6eda\u8f6e\u79fb\u52a8\u4e4b\u95f4\u7684\u5ef6\u8fdf",
                  "type": "range",
                  "options": [0, 255],
                  "content": ["id_advanced_magic_mk_wheel_delay", 8, 7]
              },
              {
                  "label": "\u6eda\u8f6e\u79fb\u52a8\u4e4b\u95f4\u7684\u95f4\u9694\u65f6\u95f4(\u6beb\u79d2)",
                  "type": "range",
                  "options": [0, 255],
                  "content": ["id_advanced_magic_mk_wheel_interval", 8, 8]
              },
              {
                  "label": "\u6bcf\u6b21\u6eda\u8f6e\u52a8\u4f5c\u7684\u6700\u5927\u6eda\u8f6e\u6b65\u6570",
                  "type": "range",
                  "options": [0, 255],
                  "content": ["id_advanced_magic_mk_wheel_max_speed", 8, 9]
              },
              {
                  "label": "\u6eda\u8f6e\u8fbe\u5230\u6700\u5927\u6eda\u8f6e\u901f\u5ea6\u7684\u65f6\u95f4",
                  "type": "range",
                  "options": [0, 255],
                  "content": ["id_advanced_magic_mk_wheel_time_to_max", 8, 10]
              }
          ]
      }
    ]
    },
    {
      "label": "\u6309\u952e\u590d\u7528",
      "content": [
        {  
          "label": "\u91cd\u7f6e\u6309\u952e\u590d\u7528",
          "content": [
           {
             "label": "\u91cd\u7f6e\u5168\u90e8\u6309\u952e\u590d\u7528\uff08\u952e\u76d8\u91cd\u542f\u540e\u751f\u6548\uff09",
             "type": "toggle",
             "content": ["id_dynamic_tap_dance_reset", 9, 0]
         }
       ]
       } ,
        {
          "label": "\u6309\u952e\u590d\u7528(0)-0X5700",
          "content": [
            {
              "label": "\u5355\u51fb",
              "type": "keycode",
              "content": [
                "id_dynamic_tap_dance_on_tap_keycode[0]",
                9,
                1,
                0
              ]
            },
            {
              "label": "\u957f\u6309",
              "type": "keycode",
              "content": [
                "id_dynamic_tap_dance_on_hold_keycode[0]",
                9,
                2,
                0
              ]
            },
            {
              "label": "\u53cc\u51fb",
              "type": "keycode",
              "content": [
                "id_dynamic_tap_dance_on_double_tap_keycode[0]",
                9,
                3,
                0
              ]
            },
            {
              "label": "\u53cc\u51fb\u5e76\u957f\u6309",
              "type": "keycode",
              "content": [
                "id_dynamic_tap_dance_on_tap_hold_keycode[0]",
                9,
                4,
                0
              ]
            },
            {
              "label": "\u5355\u51fb\u5224\u5b9a\u65f6\u95f4(ms)",
              "type": "range",
              "options": [
                0,
                9999
              ],
              "content": [
                "id_dynamic_tap_dance_tapping_term[0]",
                9,
                5,
                0
              ]
            }
          ]
        },
        {
          "label": "\u6309\u952e\u590d\u7528(1)-0X5701",
          "content": [
            {
              "label": "\u5355\u51fb",
              "type": "keycode",
              "content": [
                "id_dynamic_tap_dance_on_tap_keycode[1]",
                9,
                1,
                1
              ]
            },
            {
              "label": "\u957f\u6309",
              "type": "keycode",
              "content": [
                "id_dynamic_tap_dance_on_hold_keycode[1]",
                9,
                2,
                1
              ]
            },
            {
              "label": "\u53cc\u51fb",
              "type": "keycode",
              "content": [
                "id_dynamic_tap_dance_on_double_tap_keycode[1]",
                9,
                3,
                1
              ]
            },
            {
              "label": "\u53cc\u51fb\u5e76\u957f\u6309",
              "type": "keycode",
              "content": [
                "id_dynamic_tap_dance_on_tap_hold_keycode[1]",
                9,
                4,
                1
              ]
            },
            {
              "label": "\u5355\u51fb\u5224\u5b9a\u65f6\u95f4(ms)",
              "type": "range",
              "options": [
                0,
                9999
              ],
              "content": [
                "id_dynamic_tap_dance_tapping_term[1]",
                9,
                5,
                1
              ]
            }
          ]
        },
        {
          "label": "\u6309\u952e\u590d\u7528(2)-0X5702",
          "content": [
            {
              "label": "\u5355\u51fb",
              "type": "keycode",
              "content": [
                "id_dynamic_tap_dance_on_tap_keycode[2]",
                9,
                1,
                2
              ]
            },
            {
              "label": "\u957f\u6309",
              "type": "keycode",
              "content": [
                "id_dynamic_tap_dance_on_hold_keycode[2]",
                9,
                2,
                2
              ]
            },
            {
              "label": "\u53cc\u51fb",
              "type": "keycode",
              "content": [
                "id_dynamic_tap_dance_on_double_tap_keycode[2]",
                9,
                3,
                2
              ]
            },
            {
              "label": "\u53cc\u51fb\u5e76\u957f\u6309",
              "type": "keycode",
              "content": [
                "id_dynamic_tap_dance_on_tap_hold_keycode[2]",
                9,
                4,
                2
              ]
            },
            {
              "label": "\u5355\u51fb\u5224\u5b9a\u65f6\u95f4(ms)",
              "type": "range",
              "options": [
                0,
                9999
              ],
              "content": [
                "id_dynamic_tap_dance_tapping_term[2]",
                9,
                5,
                2
              ]
            }
          ]
        },
        {
          "label": "\u6309\u952e\u590d\u7528(3)-0X5703",
          "content": [
            {
              "label": "\u5355\u51fb",
              "type": "keycode",
              "content": [
                "id_dynamic_tap_dance_on_tap_keycode[3]",
                9,
                1,
                3
              ]
            },
            {
              "label": "\u957f\u6309",
              "type": "keycode",
              "content": [
                "id_dynamic_tap_dance_on_hold_keycode[3]",
                9,
                2,
                3
              ]
            },
            {
              "label": "\u53cc\u51fb",
              "type": "keycode",
              "content": [
                "id_dynamic_tap_dance_on_double_tap_keycode[3]",
                9,
                3,
                3
              ]
            },
            {
              "label": "\u53cc\u51fb\u5e76\u957f\u6309",
              "type": "keycode",
              "content": [
                "id_dynamic_tap_dance_on_tap_hold_keycode[3]",
                9,
                4,
                3
              ]
            },
            {
              "label": "\u5355\u51fb\u5224\u5b9a\u65f6\u95f4(ms)",
              "type": "range",
              "options": [
                0,
                9999
              ],
              "content": [
                "id_dynamic_tap_dance_tapping_term[3]",
                9,
                5,
                3
              ]
            }
          ]
        },
        {
          "label": "\u6309\u952e\u590d\u7528(4)-0X5704",
          "content": [
            {
              "label": "\u5355\u51fb",
              "type": "keycode",
              "content": [
                "id_dynamic_tap_dance_on_tap_keycode[4]",
                9,
                1,
                4
              ]
            },
            {
              "label": "\u957f\u6309",
              "type": "keycode",
              "content": [
                "id_dynamic_tap_dance_on_hold_keycode[4]",
                9,
                2,
                4
              ]
            },
            {
              "label": "\u53cc\u51fb",
              "type": "keycode",
              "content": [
                "id_dynamic_tap_dance_on_double_tap_keycode[4]",
                9,
                3,
                4
              ]
            },
            {
              "label": "\u53cc\u51fb\u5e76\u957f\u6309",
              "type": "keycode",
              "content": [
                "id_dynamic_tap_dance_on_tap_hold_keycode[4]",
                9,
                4,
                4
              ]
            },
            {
              "label": "\u5355\u51fb\u5224\u5b9a\u65f6\u95f4(ms)",
              "type": "range",
              "options": [
                0,
                9999
              ],
              "content": [
                "id_dynamic_tap_dance_tapping_term[4]",
                9,
                5,
                4
              ]
            }
          ]
        },
        {
          "label": "\u6309\u952e\u590d\u7528(5)-0X5705",
          "content": [
            {
              "label": "\u5355\u51fb",
              "type": "keycode",
              "content": [
                "id_dynamic_tap_dance_on_tap_keycode[5]",
                9,
                1,
                5
              ]
            },
            {
              "label": "\u957f\u6309",
              "type": "keycode",
              "content": [
                "id_dynamic_tap_dance_on_hold_keycode[5]",
                9,
                2,
                5
              ]
            },
            {
              "label": "\u53cc\u51fb",
              "type": "keycode",
              "content": [
                "id_dynamic_tap_dance_on_double_tap_keycode[5]",
                9,
                3,
                5
              ]
            },
            {
              "label": "\u53cc\u51fb\u5e76\u957f\u6309",
              "type": "keycode",
              "content": [
                "id_dynamic_tap_dance_on_tap_hold_keycode[5]",
                9,
                4,
                5
              ]
            },
            {
              "label": "\u5355\u51fb\u5224\u5b9a\u65f6\u95f4(ms)",
              "type": "range",
              "options": [
                0,
                9999
              ],
              "content": [
                "id_dynamic_tap_dance_tapping_term[5]",
                9,
                5,
                5
              ]
            }
          ]
        },
        {
          "label": "\u6309\u952e\u590d\u7528(6)-0X5706",
          "content": [
            {
              "label": "\u5355\u51fb",
              "type": "keycode",
              "content": [
                "id_dynamic_tap_dance_on_tap_keycode[6]",
                9,
                1,
                6
              ]
            },
            {
              "label": "\u957f\u6309",
              "type": "keycode",
              "content": [
                "id_dynamic_tap_dance_on_hold_keycode[6]",
                9,
                2,
                6
              ]
            },
            {
              "label": "\u53cc\u51fb",
              "type": "keycode",
              "content": [
                "id_dynamic_tap_dance_on_double_tap_keycode[6]",
                9,
                3,
                6
              ]
            },
            {
              "label": "\u53cc\u51fb\u5e76\u957f\u6309",
              "type": "keycode",
              "content": [
                "id_dynamic_tap_dance_on_tap_hold_keycode[6]",
                9,
                4,
                6
              ]
            },
            {
              "label": "\u5355\u51fb\u5224\u5b9a\u65f6\u95f4(ms)",
              "type": "range",
              "options": [
                0,
                9999
              ],
              "content": [
                "id_dynamic_tap_dance_tapping_term[6]",
                9,
                5,
                6
              ]
            }
          ]
        },
        {
          "label": "\u6309\u952e\u590d\u7528(7)-0X5707",
          "content": [
            {
              "label": "\u5355\u51fb",
              "type": "keycode",
              "content": [
                "id_dynamic_tap_dance_on_tap_keycode[7]",
                9,
                1,
                7
              ]
            },
            {
              "label": "\u957f\u6309",
              "type": "keycode",
              "content": [
                "id_dynamic_tap_dance_on_hold_keycode[7]",
                9,
                2,
                7
              ]
            },
            {
              "label": "\u53cc\u51fb",
              "type": "keycode",
              "content": [
                "id_dynamic_tap_dance_on_double_tap_keycode[7]",
                9,
                3,
                7
              ]
            },
            {
              "label": "\u53cc\u51fb\u5e76\u957f\u6309",
              "type": "keycode",
              "content": [
                "id_dynamic_tap_dance_on_tap_hold_keycode[7]",
                9,
                4,
                7
              ]
            },
            {
              "label": "\u5355\u51fb\u5224\u5b9a\u65f6\u95f4(ms)",
              "type": "range",
              "options": [
                0,
                9999
              ],
              "content": [
                "id_dynamic_tap_dance_tapping_term[7]",
                9,
                5,
                7
              ]
            }
          ]
        },
        {
          "label": "\u6309\u952e\u590d\u7528(8)-0X5708",
          "content": [
            {
              "label": "\u5355\u51fb",
              "type": "keycode",
              "content": [
                "id_dynamic_tap_dance_on_tap_keycode[8]",
                9,
                1,
                8
              ]
            },
            {
              "label": "\u957f\u6309",
              "type": "keycode",
              "content": [
                "id_dynamic_tap_dance_on_hold_keycode[8]",
                9,
                2,
                8
              ]
            },
            {
              "label": "\u53cc\u51fb",
              "type": "keycode",
              "content": [
                "id_dynamic_tap_dance_on_double_tap_keycode[8]",
                9,
                3,
                8
              ]
            },
            {
              "label": "\u53cc\u51fb\u5e76\u957f\u6309",
              "type": "keycode",
              "content": [
                "id_dynamic_tap_dance_on_tap_hold_keycode[8]",
                9,
                4,
                8
              ]
            },
            {
              "label": "\u5355\u51fb\u5224\u5b9a\u65f6\u95f4(ms)",
              "type": "range",
              "options": [
                0,
                9999
              ],
              "content": [
                "id_dynamic_tap_dance_tapping_term[8]",
                9,
                5,
                8
              ]
            }
          ]
        },
        {
          "label": "\u6309\u952e\u590d\u7528(9)-0X5709",
          "content": [
            {
              "label": "\u5355\u51fb",
              "type": "keycode",
              "content": [
                "id_dynamic_tap_dance_on_tap_keycode[9]",
                9,
                1,
                9
              ]
            },
            {
              "label": "\u957f\u6309",
              "type": "keycode",
              "content": [
                "id_dynamic_tap_dance_on_hold_keycode[9]",
                9,
                2,
                9
              ]
            },
            {
              "label": "\u53cc\u51fb",
              "type": "keycode",
              "content": [
                "id_dynamic_tap_dance_on_double_tap_keycode[9]",
                9,
                3,
                9
              ]
            },
            {
              "label": "\u53cc\u51fb\u5e76\u957f\u6309",
              "type": "keycode",
              "content": [
                "id_dynamic_tap_dance_on_tap_hold_keycode[9]",
                9,
                4,
                9
              ]
            },
            {
              "label": "\u5355\u51fb\u5224\u5b9a\u65f6\u95f4(ms)",
              "type": "range",
              "options": [
                0,
                9999
              ],
              "content": [
                "id_dynamic_tap_dance_tapping_term[9]",
                9,
                5,
                9
              ]
            }
          ]
        }
      ]
    },
    {
      "label": "\u7ec4\u5408\u952e",
      "content": [  
        {  
           "label": "\u7ec4\u5408\u952e\u8bbe\u7f6e",
           "content": [
            {
              "label": "\u91cd\u7f6e\u5168\u90e8\u7ec4\u5408\u952e\uff08\u952e\u76d8\u91cd\u542f\u540e\u751f\u6548\uff09",
              "type": "toggle",
              "content": ["id_dynamic_combos_reset", 10, 0]
          }
        ]
        } ,             
        { 
           "label": "\u7ec4\u5408\u952e(0)",
          "content": [
            {
              "label": "\u7ec4\u5408\u952e\u952e\u503c 1",
              "type": "keycode",
              "content": [
                "id_dynamic_combos_keys[0][0]",
                10,
                1,
                0,
                0
              ]
            },
            {
              "label": "\u7ec4\u5408\u952e\u952e\u503c 2",
              "type": "keycode",
              "content": [
                "id_dynamic_combos_keys[0][1]",
                10,
                1,
                0,
                1
              ]
            },
            {
              "label": "\u7ec4\u5408\u952e\u952e\u503c 3",
              "type": "keycode",
              "content": [
                "id_dynamic_combos_keys[0][2]",
                10,
                1,
                0,
                2
              ]
            },
            {
              "label": "\u7ec4\u5408\u952e\u952e\u503c 4",
              "type": "keycode",
              "content": [
                "id_dynamic_combos_keys[0][3]",
                10,
                1,
                0,
                3
              ]
            },
            {
              "label": "\u7ec4\u5408\u952e\u8f93\u51fa\u952e\u503c",
              "type": "keycode",
              "content": [
                "id_dynamic_combos_keycode[0]",
                10,
                2,
                0
              ]
            },
            {
              "label": "\u7ec4\u5408\u952e\u5224\u5b9a\u65f6\u95f4",
              "type": "range",
              "options": [
                0,
                9999
              ],
              "content": [
                "id_dynamic_combos_combo_term[0]",
                10,
                3,
                0
              ]
            }
          ]
        },
        {
           "label": "\u7ec4\u5408\u952e(1)",
          "content": [
            {
              "label": "\u7ec4\u5408\u952e\u952e\u503c 1",
              "type": "keycode",
              "content": [
                "id_dynamic_combos_keys[1][0]",
                10,
                1,
                1,
                0
              ]
            },
            {
              "label": "\u7ec4\u5408\u952e\u952e\u503c 2",
              "type": "keycode",
              "content": [
                "id_dynamic_combos_keys[1][1]",
                10,
                1,
                1,
                1
              ]
            },
            {
              "label": "\u7ec4\u5408\u952e\u952e\u503c 3",
              "type": "keycode",
              "content": [
                "id_dynamic_combos_keys[1][2]",
                10,
                1,
                1,
                2
              ]
            },
            {
              "label": "\u7ec4\u5408\u952e\u952e\u503c 4",
              "type": "keycode",
              "content": [
                "id_dynamic_combos_keys[1][3]",
                10,
                1,
                1,
                3
              ]
            },
            {
              "label": "\u7ec4\u5408\u952e\u8f93\u51fa\u952e\u503c",
              "type": "keycode",
              "content": [
                "id_dynamic_combos_keycode[1]",
                10,
                2,
                1
              ]
            },
            {
              "label": "\u7ec4\u5408\u952e\u5224\u5b9a\u65f6\u95f4",
              "type": "range",
              "options": [
                1,
                9999
              ],
              "content": [
                "id_dynamic_combos_combo_term[1]",
                10,
                3,
                1
              ]
            }
          ]
        },
        {
           "label": "\u7ec4\u5408\u952e(2)",
          "content": [
            {
              "label": "\u7ec4\u5408\u952e\u952e\u503c 1",
              "type": "keycode",
              "content": [
                "id_dynamic_combos_keys[2][0]",
                10,
                1,
                2,
                0
              ]
            },
            {
              "label": "\u7ec4\u5408\u952e\u952e\u503c 2",
              "type": "keycode",
              "content": [
                "id_dynamic_combos_keys[2][1]",
                10,
                1,
                2,
                1
              ]
            },
            {
              "label": "\u7ec4\u5408\u952e\u952e\u503c 3",
              "type": "keycode",
              "content": [
                "id_dynamic_combos_keys[2][2]",
                10,
                1,
                2,
                2
              ]
            },
            {
              "label": "\u7ec4\u5408\u952e\u952e\u503c 4",
              "type": "keycode",
              "content": [
                "id_dynamic_combos_keys[2][3]",
                10,
                1,
                2,
                3
              ]
            },
            {
              "label": "\u7ec4\u5408\u952e\u8f93\u51fa\u952e\u503c",
              "type": "keycode",
              "content": [
                "id_dynamic_combos_keycode[2]",
                10,
                2,
                2
              ]
            },
            {
              "label": "\u7ec4\u5408\u952e\u5224\u5b9a\u65f6\u95f4",
              "type": "range",
              "options": [
                1,
                9999
              ],
              "content": [
                "id_dynamic_combos_combo_term[2]",
                10,
                3,
                2
              ]
            }
          ]
        },
        {
           "label": "\u7ec4\u5408\u952e(3)",
          "content": [
            {
              "label": "\u7ec4\u5408\u952e\u952e\u503c 1",
              "type": "keycode",
              "content": [
                "id_dynamic_combos_keys[3][0]",
                10,
                1,
                3,
                0
              ]
            },
            {
              "label": "\u7ec4\u5408\u952e\u952e\u503c 2",
              "type": "keycode",
              "content": [
                "id_dynamic_combos_keys[3][1]",
                10,
                1,
                3,
                1
              ]
            },
            {
              "label": "\u7ec4\u5408\u952e\u952e\u503c 3",
              "type": "keycode",
              "content": [
                "id_dynamic_combos_keys[3][2]",
                10,
                1,
                3,
                2
              ]
            },
            {
              "label": "\u7ec4\u5408\u952e\u952e\u503c 4",
              "type": "keycode",
              "content": [
                "id_dynamic_combos_keys[3][3]",
                10,
                1,
                3,
                3
              ]
            },
            {
              "label": "\u7ec4\u5408\u952e\u8f93\u51fa\u952e\u503c",
              "type": "keycode",
              "content": [
                "id_dynamic_combos_keycode[3]",
                10,
                2,
                3
              ]
            },
            {
              "label": "\u7ec4\u5408\u952e\u5224\u5b9a\u65f6\u95f4",
              "type": "range",
              "options": [
                1,
                9999
              ],
              "content": [
                "id_dynamic_combos_combo_term[3]",
                10,
                3,
                3
              ]
            }
          ]
        },
        {
           "label": "\u7ec4\u5408\u952e(4)",
          "content": [
            {
              "label": "\u7ec4\u5408\u952e\u952e\u503c 1",
              "type": "keycode",
              "content": [
                "id_dynamic_combos_keys[4][0]",
                10,
                1,
                4,
                0
              ]
            },
            {
              "label": "\u7ec4\u5408\u952e\u952e\u503c 2",
              "type": "keycode",
              "content": [
                "id_dynamic_combos_keys[4][1]",
                10,
                1,
                4,
                1
              ]
            },
            {
              "label": "\u7ec4\u5408\u952e\u952e\u503c 3",
              "type": "keycode",
              "content": [
                "id_dynamic_combos_keys[4][2]",
                10,
                1,
                4,
                2
              ]
            },
            {
              "label": "\u7ec4\u5408\u952e\u952e\u503c 4",
              "type": "keycode",
              "content": [
                "id_dynamic_combos_keys[4][3]",
                10,
                1,
                4,
                3
              ]
            },
            {
              "label": "\u7ec4\u5408\u952e\u8f93\u51fa\u952e\u503c",
              "type": "keycode",
              "content": [
                "id_dynamic_combos_keycode[4]",
                10,
                2,
                4
              ]
            },
            {
              "label": "\u7ec4\u5408\u952e\u5224\u5b9a\u65f6\u95f4",
              "type": "range",
              "options": [
                1,
                9999
              ],
              "content": [
                "id_dynamic_combos_combo_term[4]",
                10,
                3,
                4
              ]
            }
          ]
        },
        {
           "label": "\u7ec4\u5408\u952e(5)",
          "content": [
            {
              "label": "\u7ec4\u5408\u952e\u952e\u503c 1",
              "type": "keycode",
              "content": [
                "id_dynamic_combos_keys[5][0]",
                10,
                1,
                5,
                0
              ]
            },
            {
              "label": "\u7ec4\u5408\u952e\u952e\u503c 2",
              "type": "keycode",
              "content": [
                "id_dynamic_combos_keys[5][1]",
                10,
                1,
                5,
                1
              ]
            },
            {
              "label": "\u7ec4\u5408\u952e\u952e\u503c 3",
              "type": "keycode",
              "content": [
                "id_dynamic_combos_keys[5][2]",
                10,
                1,
                5,
                2
              ]
            },
            {
              "label": "\u7ec4\u5408\u952e\u952e\u503c 4",
              "type": "keycode",
              "content": [
                "id_dynamic_combos_keys[5][3]",
                10,
                1,
                5,
                3
              ]
            },
            {
              "label": "\u7ec4\u5408\u952e\u8f93\u51fa\u952e\u503c",
              "type": "keycode",
              "content": [
                "id_dynamic_combos_keycode[5]",
                10,
                2,
                5
              ]
            },
            {
              "label": "\u7ec4\u5408\u952e\u5224\u5b9a\u65f6\u95f4",
              "type": "range",
              "options": [
                1,
                9999
              ],
              "content": [
                "id_dynamic_combos_combo_term[5]",
                10,
                3,
                5
              ]
            }
          ]
        },
        {
           "label": "\u7ec4\u5408\u952e(6)",
          "content": [
            {
              "label": "\u7ec4\u5408\u952e\u952e\u503c 1",
              "type": "keycode",
              "content": [
                "id_dynamic_combos_keys[6][0]",
                10,
                1,
                6,
                0
              ]
            },
            {
              "label": "\u7ec4\u5408\u952e\u952e\u503c 2",
              "type": "keycode",
              "content": [
                "id_dynamic_combos_keys[6][1]",
                10,
                1,
                6,
                1
              ]
            },
            {
              "label": "\u7ec4\u5408\u952e\u952e\u503c 3",
              "type": "keycode",
              "content": [
                "id_dynamic_combos_keys[6][2]",
                10,
                1,
                6,
                2
              ]
            },
            {
              "label": "\u7ec4\u5408\u952e\u952e\u503c 4",
              "type": "keycode",
              "content": [
                "id_dynamic_combos_keys[6][3]",
                10,
                1,
                6,
                3
              ]
            },
            {
              "label": "\u7ec4\u5408\u952e\u8f93\u51fa\u952e\u503c",
              "type": "keycode",
              "content": [
                "id_dynamic_combos_keycode[6]",
                10,
                2,
                6
              ]
            },
            {
              "label": "\u7ec4\u5408\u952e\u5224\u5b9a\u65f6\u95f4",
              "type": "range",
              "options": [
                1,
                9999
              ],
              "content": [
                "id_dynamic_combos_combo_term[6]",
                10,
                3,
                6
              ]
            }
          ]
        },
        {
           "label": "\u7ec4\u5408\u952e(7)",
          "content": [
            {
              "label": "\u7ec4\u5408\u952e\u952e\u503c 1",
              "type": "keycode",
              "content": [
                "id_dynamic_combos_keys[7][0]",
                10,
                1,
                7,
                0
              ]
            },
            {
              "label": "\u7ec4\u5408\u952e\u952e\u503c 2",
              "type": "keycode",
              "content": [
                "id_dynamic_combos_keys[7][1]",
                10,
                1,
                7,
                1
              ]
            },
            {
              "label": "\u7ec4\u5408\u952e\u952e\u503c 3",
              "type": "keycode",
              "content": [
                "id_dynamic_combos_keys[7][2]",
                10,
                1,
                7,
                2
              ]
            },
            {
              "label": "\u7ec4\u5408\u952e\u952e\u503c 4",
              "type": "keycode",
              "content": [
                "id_dynamic_combos_keys[7][3]",
                10,
                1,
                7,
                3
              ]
            },
            {
              "label": "\u7ec4\u5408\u952e\u8f93\u51fa\u952e\u503c",
              "type": "keycode",
              "content": [
                "id_dynamic_combos_keycode[7]",
                10,
                2,
                7
              ]
            },
            {
              "label": "\u7ec4\u5408\u952e\u5224\u5b9a\u65f6\u95f4",
              "type": "range",
              "options": [
                1,
                9999
              ],
              "content": [
                "id_dynamic_combos_combo_term[7]",
                10,
                3,
                7
              ]
            }
          ]
        },
        {
           "label": "\u7ec4\u5408\u952e(8)",
          "content": [
            {
              "label": "\u7ec4\u5408\u952e\u952e\u503c 1",
              "type": "keycode",
              "content": [
                "id_dynamic_combos_keys[8][0]",
                10,
                1,
                8,
                0
              ]
            },
            {
              "label": "\u7ec4\u5408\u952e\u952e\u503c 2",
              "type": "keycode",
              "content": [
                "id_dynamic_combos_keys[8][1]",
                10,
                1,
                8,
                1
              ]
            },
            {
              "label": "\u7ec4\u5408\u952e\u952e\u503c 3",
              "type": "keycode",
              "content": [
                "id_dynamic_combos_keys[8][2]",
                10,
                1,
                8,
                2
              ]
            },
            {
              "label": "\u7ec4\u5408\u952e\u952e\u503c 4",
              "type": "keycode",
              "content": [
                "id_dynamic_combos_keys[8][3]",
                10,
                1,
                8,
                3
              ]
            },
            {
              "label": "\u7ec4\u5408\u952e\u8f93\u51fa\u952e\u503c",
              "type": "keycode",
              "content": [
                "id_dynamic_combos_keycode[8]",
                10,
                2,
                8
              ]
            },
            {
              "label": "\u7ec4\u5408\u952e\u5224\u5b9a\u65f6\u95f4",
              "type": "range",
              "options": [
                1,
                9999
              ],
              "content": [
                "id_dynamic_combos_combo_term[8]",
                10,
                3,
                8
              ]
            }
          ]
        },
        {
           "label": "\u7ec4\u5408\u952e(9)",
          "content": [
            {
              "label": "\u7ec4\u5408\u952e\u952e\u503c 1",
              "type": "keycode",
              "content": [
                "id_dynamic_combos_keys[9][0]",
                10,
                1,
                9,
                0
              ]
            },
            {
              "label": "\u7ec4\u5408\u952e\u952e\u503c 2",
              "type": "keycode",
              "content": [
                "id_dynamic_combos_keys[9][1]",
                10,
                1,
                9,
                1
              ]
            },
            {
              "label": "\u7ec4\u5408\u952e\u952e\u503c 3",
              "type": "keycode",
              "content": [
                "id_dynamic_combos_keys[9][2]",
                10,
                1,
                9,
                2
              ]
            },
            {
              "label": "\u7ec4\u5408\u952e\u952e\u503c 4",
              "type": "keycode",
              "content": [
                "id_dynamic_combos_keys[9][3]",
                10,
                1,
                9,
                3
              ]
            },
            {
              "label": "\u7ec4\u5408\u952e\u8f93\u51fa\u952e\u503c",
              "type": "keycode",
              "content": [
                "id_dynamic_combos_keycode[9]",
                10,
                2,
                9
              ]
            },
            {
              "label": "\u7ec4\u5408\u952e\u5224\u5b9a\u65f6\u95f4",
              "type": "range",
              "options": [
                1,
                9999
              ],
              "content": [
                "id_dynamic_combos_combo_term[9]",
                10,
                3,
                9
              ]
            }
          ]
          
        }

      ]
    }
  ],
  "customKeycodes": [
    {
      "name": "\u5de6\u7f1d\u706f\u5f00\u5173",
      "title": "\u5de6\u7f1d\u706f\u5f00\u5173",
      "shortName": "\u5de6\u7f1d\u706f\u5f00\u5173"
    },
    {
      "name": "\u94ed\u724c\u706f\u5f00\u5173",
      "title": "\u94ed\u724c\u706f\u5f00\u5173",
      "shortName": "\u94ed\u724c\u706f\u5f00\u5173"
    },
    {
      "name": "\u53f3\u7f1d\u706f\u5f00\u5173",
      "title": "\u53f3\u7f1d\u706f\u5f00\u5173",
      "shortName": "\u53f3\u7f1d\u706f\u5f00\u5173"
    },
    {
      "name": "\u6307\u793a\u706f\u5f00\u5173",
      "title": "\u6307\u793a\u706f\u5f00\u5173\uff08\u5173\u95ed\u5168\u5c40\u706f\u5149\u540e\u662f\u5426\u6b63\u5e38\u4eae\u8d77\uff09",
      "shortName": "\u6307\u793a\u706f\n\u5f00\u5173"
    },
    {
      "name": "\u7f1d\u706f\u540c\u6b65",
      "title": "\u7f1d\u706f\u4e0e\u7f1d\u706f\u706f\u6548\u540c\u6b65",
      "shortName": "\u7f1d\u706f\n\u540c\u6b65"
    },
    {
      "name": "\u7f1d\u706f\u706f\u6548+",
      "title": "\u4e0b\u4e00\u4e2a\u7f1d\u706f\u706f\u6548",
      "shortName": "\u7f1d\u706f\n\u706f\u6548+"
    },
    {
      "name": "\u7f1d\u706f\u706f\u6548-",
      "title": "\u4e0a\u4e00\u4e2a\u7f1d\u706f\u706f\u6548",
      "shortName": "\u7f1d\u706f\n\u706f\u6548-"
    },
    {
      "name": "\u7f1d\u706f\u8272\u76f8+",
      "title": "\u589e\u52a0\u7f1d\u706f\u8272\u76f8",
      "shortName": "\u7f1d\u706f\u8272\u76f8+"
    },
    {
      "name": "\u7f1d\u706f\u8272\u76f8-",
      "title": "\u964d\u4f4e\u7f1d\u706f\u8272\u76f8",
      "shortName": "\u7f1d\u706f\u8272\u76f8-"
    },
    {
      "name": "\u7f1d\u706f\u9971\u548c+",
      "title": "\u589e\u52a0\u7f1d\u706f\u9971\u548c\u5ea6",
      "shortName": "\u7f1d\u706f\u9971\u548c+"
    },
    {
      "name": "\u7f1d\u706f\n\u9971\u548c-",
      "title": "\u964d\u4f4e\u7f1d\u706f\u9971\u548c\u5ea6",
      "shortName": "\u7f1d\u706f\u9971\u548c-"
    },
    {
      "name": "\u7f1d\u706f\n\u4eae\u5ea6+",
      "title": "\u589e\u52a0\u7f1d\u706f\u4eae\u5ea6",
      "shortName": "\u7f1d\u706f\u4eae\u5ea6+"
    },
    {
      "name": "\u7f1d\u706f\n\u4eae\u5ea6-",
      "title": "\u964d\u4f4e\u7f1d\u706f\u4eae\u5ea6",
      "shortName": "\u7f1d\u706f\u4eae\u5ea6-"
    },
    {
      "name": "\u7f1d\u706f\n\u901f\u5ea6+",
      "title": "\u589e\u52a0\u7f1d\u706f\u706f\u6548\u901f\u5ea6",
      "shortName": "\u7f1d\u706f\u901f\u5ea6+"
    },
    {
      "name": "\u7f1d\u706f\n\u901f\u5ea6-",
      "title": "\u964d\u4f4e\u7f1d\u706f\u706f\u6548\u901f\u5ea6",
      "shortName": "\u7f1d\u706f\u901f\u5ea6-"
    }
  ],
  "layouts": {
    "keymap": [
      [
        {
          "y": 0.5,
          "x": 0.5
        },
        "0,0"
      ],
      [
        {
          "y": -0.75,
          "x": 1.75,
          "c": "#777777"
        },
        "0,1",
        {
          "c": "#cccccc"
        },
        "0,2",
        "0,3",
        {
          "x": 8.5
        },
        "0,12",
        "0,13",
        {
          "c": "#aaaaaa",
          "w": 2
        },
        "0,14"
      ],
      [
        {
          "y": -0.25,
          "x": 0.25,
          "c": "#cccccc"
        },
        "1,0"
      ],
      [
        {
          "y": -0.75,
          "x": 1.5,
          "c": "#aaaaaa",
          "w": 1.5
        },
        "1,1",
        {
          "c": "#cccccc"
        },
        "1,2",
        {
          "x": 9
        },
        "1,11",
        "1,12",
        "1,13",
        {
          "c": "#aaaaaa",
          "w": 1.5
        },
        "1,14"
      ],
      [
        {
          "y": -0.25,
          "c": "#cccccc"
        },
        "2,0"
      ],
      [
        {
          "y": -0.75,
          "x": 1.25,
          "c": "#aaaaaa",
          "w": 1.75
        },
        "2,1",
        {
          "c": "#cccccc"
        },
        "2,2",
        {
          "x": 9.5
        },
        "2,11",
        "2,12",
        {
          "c": "#777777",
          "w": 2.25
        },
        "2,14"
      ],
      [
        {
          "x": 1,
          "c": "#aaaaaa",
          "w": 2.25
        },
        "3,1",
        {
          "c": "#cccccc"
        },
        "3,2",
        {
          "x": 9
        },
        "3,11",
        "3,12",
        "3,13",
        {
          "c": "#aaaaaa",
          "w": 1.75
        },
        "3,14"
      ],
      [
        {
          "x": 1,
          "w": 1.5
        },
        "4,1",
        {
          "w": 1.25
        },
        "4,2",
        {
          "x": 10.5,
          "c": "#cccccc"
        },
        "4,12",
        "4,13",
        "4,14"
      ],
      [
        {
          "r": 10,
          "y": -5.75,
          "x": 5
        },
        "0,4",
        "0,5",
        "0,6",
        "0,7"
      ],
      [
        {
          "x": 4.5
        },
        "1,3",
        "1,4",
        "1,5",
        "1,6"
      ],
      [
        {
          "x": 4.75
        },
        "2,3",
        "2,4",
        "2,5",
        "2,6"
      ],
      [
        {
          "x": 5.25
        },
        "3,3",
        "3,4",
        "3,5",
        "3,6"
      ],
      [
        {
          "x": 6.25,
          "c": "#aaaaaa"
        },
        "4,4",
        {
          "w": 2
        },
        "4,5"
      ],
      [
        {
          "r": -10,
          "y": -2,
          "x": 8.75,
          "c": "#cccccc"
        },
        "0,8",
        "0,9",
        "0,10",
        "0,11"
      ],
      [
        {
          "x": 8.25
        },
        "1,7",
        "1,8",
        "1,9",
        "1,10"
      ],
      [
        {
          "x": 8.5
        },
        "2,7",
        "2,8",
        "2,9",
        "2,10"
      ],
      [
        {
          "x": 8
        },
        "3,7",
        "3,8",
        "3,9",
        "3,10"
      ],
      [
        {
          "x": 8,
          "c": "#aaaaaa",
          "w": 2.5
        },
        "4,9",
        {
          "w": 1.5
        },
        "4,10"
      ]

  
    ]
  }
}