{
  "name": "Sonic_mini",
  "vendorId": "0x28E9",
  "productId": "0xCB39",
  "keycodes": [ "qmk_lighting" ],
  "menus": [
    {
      "label": "Lighting",
      "content": [
        {
          "label": "Backlight",
          "content": [
            {
              "label": "Brightness",
              "type": "range",
              "options": [ 0, 255 ],
              "content": [ "id_qmk_rgb_matrix_brightness", 3, 1 ]
            },
            {
              "label": "Effect",
              "type": "dropdown",
              "content": [ "id_qmk_rgb_matrix_effect", 3, 2 ],
              "options": [
                "All Off",
                "Solid Color",
                "Alphas Mods",
                "Gradient Up/Down",
                "Gradient Left/Right",
                "Breathing",
                "Band Sat.",
                "Band Val.",
                "Pinwheel Sat.",
                "Pinwheel Val.",
                "Spiral Sat.",
                "Spiral Val.",
                "Cycle All",
                "Cycle Left/Right",
                "Cycle Up/Down",
                "Rainbow Moving Chevron",
                "Cycle Out/In",
                "Cycle Out/In Dual",
                "Cycle Pinwheel",
                "Cycle Spiral",
                "Dual Beacon",
                "Rainbow Beacon",
                "Rainbow Pinwheels",
                "Raindrops",
                "Jellybean Raindrops",
                "Hue Breathing",
                "Hue Pendulum",
                "Hue Wave",
                "Pixel Rain",
                "Pixel Flow",
                "Pixel Fractal",
                "Typing Heatmap",
                "Digital Rain",
                "Solid Reactive Simple",
                "Solid Reactive",
                "Solid Reactive Wide",
                "Solid Reactive Multi Wide",
                "Solid Reactive Cross",
                "Solid Reactive Multi Cross",
                "Solid Reactive Nexus",
                "Solid Reactive Multi Nexus",
                "Spash",
                "Multi Splash",
                "Solid Splash",
                "Solid Multi Splash"
              ]
            },
            {
              "showIf": "{id_qmk_rgb_matrix_effect} != 0",
              "label": "Effect Speed",
              "type": "range",
              "options": [ 0, 255 ],
              "content": [ "id_qmk_rgb_matrix_effect_speed", 3, 3 ]
            },
            {
              "showIf": "{id_qmk_rgb_matrix_effect} != 0 && {id_qmk_rgb_matrix_effect} != 24 && {id_qmk_rgb_matrix_effect} != 28 && {id_qmk_rgb_matrix_effect} != 29 && {id_qmk_rgb_matrix_effect} != 32",
              "label": "Color",
              "type": "color",
              "content": [ "id_qmk_rgb_matrix_color", 3, 4 ]
            }
          ]
        }
      ]
    },
    {
      "label": "Custom",
      "content": [
        {
          "label": "System Setting",
          "content": [
            {
              "label": "Device Mode",
              "type": "dropdown",
              "options": [
                "USB Mode",
                "BT1 Mode",
                "2.4G Mode",
                "BT2 Mode",
                "BT3 Mode",
                "BT4 Mode"
              ],
              "content": [ "id_custom_switch_mode", 0, 1 ]
            },
            {
              "label": "Sleep Mode",
              "type": "dropdown",
              "options": [
                " 10s",
                " 20s",
                " 30s",
                " 50s",
                " 1 min",
                " 2 min",
                " 3 min",
                " 5 min",
                "10 min",
                "15 min",
                "20 min",
                "25 min",
                "30 min",
                "45 min",
                " 1 hour",
                " 2 hour",
                " 3 hour",
                " 4 hour",
                " 5 hour",
                "  never"
              ],
              "content": [ "id_custom_set_sleep_mode", 0, 2 ]
            },
            {
              "label": "NKRO",
              "type": "toggle",
              "content": [ "id_custom_nkro_mode", 0, 3 ]
            },
            {
                "label": "TAP TERM",
                "type": "range",
                "options": [ 50, 250 ],
                "content": [ "id_custom_tap_term", 0, 8 ]
            },
            {
              "label": "Battery",
              "type": "range",
              "options": [ 0, 100 ],
              "content": [ "id_custom_battery_level", 0, 5 ]
            },
            {
                "label": "Version Major",
                "type": "dropdown",
                "options": [
                  "0",
                  "1",
                  "2",
                  "3",
                  "4",
                  "5",
                  "6",
                  "7",
                  "8",
                  "9"
                ],
                "content": [ "id_custom_version_major", 0, 6 ]
            },
            {
                "label": "Version Minor",
                "type": "dropdown",
                "options": [
                  "0",
                  "1",
                  "2",
                  "3",
                  "4",
                  "5",
                  "6",
                  "7",
                  "8",
                  "9"
                ],
                "content": [ "id_custom_version_minor", 0, 7 ]
            }
          ]
        }
      ]
    }
  ],
  "matrix": {
    "rows": 3,
    "cols": 3
  },
  "customKeycodes": [
    {
      "name": "USB Mode",
      "title": "Switch to USB mode / \u5207\u6362\u5230USB\u6A21\u5F0F",
      "shortName": "USB mode"
    },
    {
      "name": "BT1 Mode",
      "title": "Switch to Bluetooth mode / \u5207\u6362\u5230\u84DD\u7259\u6A21\u5F0F",
      "shortName": "BT1 Mode"
    },
    {
      "name": "2.4G Mode",
      "title": "Switch to 2.4G mode / \u5207\u6362\u52302.4G\u6A21\u5F0F",
      "shortName": "2.4G Mode"
    },
    {
      "name": "2.4G Clear",
      "title": "Clear 2.4G paired information / \u6E05\u96642.4G\u914D\u5BF9\u4FE1\u606F",
      "shortName": "2.4G Clear"
    },
    {
      "name": "BT2 Mode",
      "title": "Switch to Bluetooth mode / \u5207\u6362\u5230\u84DD\u7259\u6A21\u5F0F",
      "shortName": "BT2 Mode"
    },
    {
      "name": "BT3 Mode",
      "title": "Switch to Bluetooth mode / \u5207\u6362\u5230\u84DD\u7259\u6A21\u5F0F",
      "shortName": "BT3 Mode"
    },
    {
      "name": "BT4 Mode",
      "title": "Switch to Bluetooth mode / \u5207\u6362\u5230\u84DD\u7259\u6A21\u5F0F",
      "shortName": "BT4 Mode"
    },
    {
        "name": "BT Clear",
        "title": "Clear BT paired information / \u6E05\u9664BT\u914D\u5BF9\u4FE1\u606F",
        "shortName": "BT Clear"
    }
  ],
  "layouts": {
    "keymap": [
        [
          {
            "x": 0.5,
            "h": 0.5
          },
          "2,0"
        ],
        [
          {
            "y": -0.5
          },
          "0,0",
          "0,1",
          "0,2",
          {
            "x": 0.25,
            "w": 1.25,
            "h": 2,
            "w2": 1.5,
            "h2": 1,
            "x2": -0.25
          },
          "2,2"
        ],
        [
          "1,0",
          "1,1",
          "1,2"
        ]
      ]
  }
}
