{
  "name": "KL60",
  "vendorId": "0x0A103",
  "productId": "0xAA36",
  "matrix": 
            {
            "rows": 5,
            "cols": 14
            },
  "layouts": {
    "presets": {"default": [0, 0, 0, 0]},
    "labels": [
      ["\u9000\u683c/Backspace","2U","1U+1U"],
      ["\u5de6Shift/Left Shift","2.25U","1.25U+1U"],
      ["\u53f3Shift/Left Shift","2.75U","1.75U+1U"],
      ["R4 7U/6.25U", "7U", "6.25U"]
    ],
      "keymap": [
          [
              "0,0",
              "0,1",
              "0,2",
              "0,3",
              "0,4",
              "0,5",
              "0,6",
              "0,7",
              "0,8",
              "0,9",
              "0,10",
              "0,11",
              "0,12",
              {"w":2},
              "0,13\n\n\n0,0",
              {"x": 0.5},
              "0,13\n\n\n0,1",
              "2,12\n\n\n0,1"
          ],
          [
            {"w":1.5},
              "1,0",
              "1,1",
              "1,2",
              "1,3",
              "1,4",
              "1,5",
              "1,6",
              "1,7",
              "1,8",
              "1,9",
              "1,10",
              "1,11",
              "1,12",
              {"w":1.5},
              "1,13"
          ],
          [
            {"w":1.75},
              "2,0",
              "2,1",
              "2,2",
              "2,3",
              "2,4",
              "2,5",
              "2,6",
              "2,7",
              "2,8",
              "2,9",
              "2,10",
              "2,11",
              {"w":2.25},
              "2,13"
          ],
          [
              {"w":2.25},
              "3,0\n\n\n1,0",
              "3,2",
              "3,3",
              "3,4",
              "3,5",
              "3,6",
              "3,7",
              "3,8",
              "3,9",
              "3,10",
              "3,11",
              {"w":2.75},
              "3,12\n\n\n2,0",
              {"w":1.75},
              "3,12\n\n\n2,1",
              "3,13\n\n\n2,1",
              {"w":1.25},
              "3,0\n\n\n1,1",
              "3,1\n\n\n1,1"
          ],
          [
              {"w":1.5},
              "4,0\n\n\n3,0",
              {"w":1},
              "4,1\n\n\n3,0",
              {"w":1.5},
              "4,2\n\n\n3,0",
              {"w":7},
              "4,7\n\n\n3,0",
              {"w":1.5},
              "4,10\n\n\n3,0",
              {"w":1},
              "4,11\n\n\n3,0",
              {"w":1.5},
              "4,13\n\n\n3,0"
          ],
          [
            {"w":1.25},
            "4,0\n\n\n3,1",
            {"w":1.25},
            "4,1\n\n\n3,1",
            {"w":1.25},
            "4,2\n\n\n3,1",
            {"w":6.25},
            "4,7\n\n\n3,1",
            {"w":1.25},
            "4,10\n\n\n3,1",
            {"w":1.25},
            "4,11\n\n\n3,1",
            {"w":1.25},
            "4,12\n\n\n3,1",
            {"w":1.25},
            "4,13\n\n\n3,1"
        ]
      ]
  }
}