{
    "name": "Tree80_R1",
    "vendorId": "0xAE88",
    "productId": "0xAA15",
    "matrix": {
        "rows": 6,
        "cols": 17
    },
    "keycodes": ["qmk_lighting"],
    "menus": ["qmk_rgblight"],
    "layouts": {
        "presets": {
            "default": [
                0,
                1
            ]
        },
        "labels": [
            "\u4e03\u5b57\u56de\u8f66",
            "\u0037\u0055\u7a7a\u683c"
        ],
        "keymap": [
  [
    {
      "c": "#777777"
    },
    "0,0",
    {
      "x": 1,
      "c": "#cccccc"
    },
    "0,2",
    "0,3",
    "0,4",
    "0,5",
    {
      "x": 0.5,
      "c": "#aaaaaa"
    },
    "0,6",
    "0,7",
    "0,8",
    "0,9",
    {
      "x": 0.5,
      "c": "#cccccc"
    },
    "0,10",
    "0,11",
    "0,12",
    "0,13",
    {
      "x": 0.25
    },
    "0,14",
    "0,15",
    "0,16"
  ],
  [
    {
      "y": 0.25,
      "c": "#cccccc"
    },
    "1,0",
    "1,1",
    "1,2",
    "1,3",
    "1,4",
    "1,5",
    "1,6",
    "1,7",
    "1,8",
    "1,9",
    "1,10",
    "1,11",
    "1,12",
    {
      "c": "#aaaaaa",
      "w": 2
    },
    "1,13",
    {
      "x": 0.25
    },
    "1,14",
    "1,15",
    "1,16"
  ],
  [
    {
      "w": 1.5
    },
    "2,0",
    {
      "c": "#cccccc"
    },
    "2,1",
    "2,2",
    "2,3",
    "2,4",
    "2,5",
    "2,6",
    "2,7",
    "2,8",
    "2,9",
    "2,10",
    "2,11",
    "2,12",
    {
      "c": "#aaaaaa",
      "w": 1.5
    },
    "2,13\n\n\n0,0",
    {
      "x": 0.25
    },
    "2,14",
    "2,15",
    "2,16",
    {
      "x": 1.25,
      "c": "#777777",
      "w": 1.25,
      "h": 2,
      "w2": 1.5,
      "h2": 1,
      "x2": -0.25
    },
    "3,12\n\n\n0,1"
  ],
  [
    {
      "c": "#aaaaaa",
      "w": 1.75
    },
    "3,0",
    {
      "c": "#cccccc"
    },
    "3,1",
    "3,2",
    "3,3",
    "3,4",
    "3,5",
    "3,6",
    "3,7",
    "3,8",
    "3,9",
    "3,10",
    "3,11",
    {
      "c": "#777777",
      "w": 2.25
    },
    "3,12\n\n\n0,0",
    {
      "x": 3.5,
      "c": "#aaaaaa"
    },
    "2,13\n\n\n0,1"
  ],
  [
    {
      "w": 2.25
    },
    "4,0",
    {
      "c": "#cccccc"
    },
    "4,1",
    "4,2",
    "4,3",
    "4,4",
    "4,5",
    "4,6",
    "4,7",
    "4,8",
    "4,9",
    "4,10",
    {
      "c": "#aaaaaa",
      "w": 2.75
    },
    "4,11",
    {
      "x": 1.25,
      "c": "#777777"
    },
    "4,15"
  ],
  [
    {
      "c": "#aaaaaa",
      "w": 1.25
    },
    "5,0\n\n\n1,0",
    {
      "w": 1.25
    },
    "5,1\n\n\n1,0",
    {
      "w": 1.25
    },
    "5,2\n\n\n1,0",
    {
      "c": "#cccccc",
      "w": 6.25
    },
    "5,6\n\n\n1,0",
    {
      "c": "#aaaaaa",
      "w": 1.25
    },
    "5,8\n\n\n1,0",
    {
      "w": 1.25
    },
    "5,9\n\n\n1,0",
    {
      "w": 1.25
    },
    "5,10\n\n\n1,0",
    {
      "w": 1.25
    },
    "5,11\n\n\n1,0",
    {
      "x": 0.25,
      "c": "#777777"
    },
    "5,14",
    "5,15",
    "5,16"
  ],
  [
    {
      "y": 0.25,
      "c": "#aaaaaa",
      "w": 1.5
    },
    "5,0\n\n\n1,1",
    "5,1\n\n\n1,1",
    {
      "w": 1.5
    },
    "5,2\n\n\n1,1",
    {
      "c": "#cccccc",
      "w": 7
    },
    "5,6\n\n\n1,1",
    {
      "c": "#aaaaaa",
      "w": 1.5
    },
    "5,8\n\n\n1,1",
    "5,9\n\n\n1,1",
    {
      "w": 1.5
    },
    "5,11\n\n\n1,1"
  ]
]
    }
}
