{
  "name": "TreePad",
  "vendorId": "0x28E9",
  "productId": "0xCB2A",
  "keycodes": [ "qmk_lighting" ],
  "menus": [
    {
      "label": "Custom",
      "content": [
        {
          "label": "System Setting",
          "content": [
            {
              "label": "Device Mode",
              "type": "dropdown",
              "options": [
                "USB Mode",
                "BT1 Mode",
                "2.4G Mode",
                "BT2 Mode",
                "BT3 Mode",
                "BT4 Mode"
              ],
              "content": [ "id_custom_switch_mode", 0, 1 ]
            },
            {
              "label": "Sleep Mode",
              "type": "dropdown",
              "options": [
                " 10s",
                " 20s",
                " 30s",
                " 50s",
                " 1 min",
                " 2 min",
                " 3 min",
                " 5 min",
                "10 min",
                "15 min",
                "20 min",
                "25 min",
                "30 min",
                "45 min",
                " 1 hour",
                " 2 hour",
                " 3 hour",
                " 4 hour",
                " 5 hour",
                "  never"
              ],
              "content": [ "id_custom_set_sleep_mode", 0, 2 ]
            },
            {
              "label": "NKRO",
              "type": "toggle",
              "content": [ "id_custom_nkro_mode", 0, 3 ]
            },
            {
                "label": "TAP TERM",
                "type": "range",
                "options": [ 50, 250 ],
                "content": [ "id_custom_tap_term", 0, 8 ]
            },
            {
              "label": "Battery",
              "type": "range",
              "options": [ 0, 100 ],
              "content": [ "id_custom_battery_level", 0, 5 ]
            },
            {
                "label": "Version Major",
                "type": "dropdown",
                "options": [
                  "0",
                  "1",
                  "2",
                  "3",
                  "4",
                  "5",
                  "6",
                  "7",
                  "8",
                  "9"
                ],
                "content": [ "id_custom_version_major", 0, 6 ]
            },
            {
                "label": "Version Minor",
                "type": "dropdown",
                "options": [
                  "0",
                  "1",
                  "2",
                  "3",
                  "4",
                  "5",
                  "6",
                  "7",
                  "8",
                  "9"
                ],
                "content": [ "id_custom_version_minor", 0, 7 ]
            }
          ]
        }
      ]
    }
  ],
  "matrix": {
    "rows": 6,
    "cols": 4
  },
  "customKeycodes": [
    {
      "name": "USB Mode",
      "title": "Switch to USB mode / \u5207\u6362\u5230USB\u6A21\u5F0F",
      "shortName": "USB mode"
    },
    {
      "name": "BT1 Mode",
      "title": "Switch to Bluetooth mode / \u5207\u6362\u5230\u84DD\u7259\u6A21\u5F0F",
      "shortName": "BT1 Mode"
    },
    {
      "name": "2.4G Mode",
      "title": "Switch to 2.4G mode / \u5207\u6362\u52302.4G\u6A21\u5F0F",
      "shortName": "2.4G Mode"
    },
    {
      "name": "2.4G Clear",
      "title": "Clear 2.4G paired information / \u6E05\u96642.4G\u914D\u5BF9\u4FE1\u606F",
      "shortName": "2.4G Clear"
    },
    {
      "name": "BT2 Mode",
      "title": "Switch to Bluetooth mode / \u5207\u6362\u5230\u84DD\u7259\u6A21\u5F0F",
      "shortName": "BT2 Mode"
    },
    {
      "name": "BT3 Mode",
      "title": "Switch to Bluetooth mode / \u5207\u6362\u5230\u84DD\u7259\u6A21\u5F0F",
      "shortName": "BT3 Mode"
    },
    {
      "name": "BT4 Mode",
      "title": "Switch to Bluetooth mode / \u5207\u6362\u5230\u84DD\u7259\u6A21\u5F0F",
      "shortName": "BT4 Mode"
    },
    {
        "name": "BT Clear",
        "title": "Clear BT paired information / \u6E05\u9664BT\u914D\u5BF9\u4FE1\u606F",
        "shortName": "BT Clear"
    }
  ],
  "layouts": {
    "labels": [
        "Split Top /  \u5206\u88c2 ",
        "Knob /\u65cb\u94ae"
    ],
    "keymap": [
        [
          "0,0\n\n\n1,0",
          "0,1",
          {
            "w": 2
          },
          "0,2\n\n\n0,0",
          {
            "x": 0.5
          },
          "0,2\n\n\n0,1",
          "0,3\n\n\n0,1",
          "0,0\n\n\n1,1\n\n\n\n\n\ne0"
        ],
        [
          {
            "y": 0.5
          },
          "1,0",
          "1,1",
          "1,2",
          "1,3"
        ],
        [
          "2,0",
          "2,1",
          "2,2",
          {
            "h": 2
          },
          "2,3"
        ],
        [
          "3,0",
          "3,1",
          "3,2"
        ],
        [
          "4,0",
          "4,1",
          "4,2",
          {
            "h": 2
          },
          "5,2"
        ],
        [
          {
            "w": 2
          },
          "5,0",
          "5,1"
        ]
      ]
  }
}
