{
    "name": "DBP75_Y&R",
    "vendorId": "0xAA96",
    "productId": "0xAA7B",
    "matrix": {
        "rows": 6,
        "cols": 15
    },
    "customKeycodes": [
        {
            "name": "Toggle WinKey Lock",
            "title": "Toggle WinKey Lock",
            "shortName": "WinLock"
        },
        {
            "name": "Toggle Keyboard Screen",
            "title": "Toggle Keyboard Screen",
            "shortName": "TOG_SC"
        },
        {
            "name": "Toggle macOS Keymap",
            "title": "Toggle macOS Keymap",
            "shortName": "TogMacOS"
        },
        {
            "name": "Mission Control",
            "title": "Mission Control in macOS",
            "shortName": "Mission Control"
        },
        {
            "name": "Launch Pad",
            "title": "Launch Pad in macOS",
            "shortName": "Launch Pad"
        }
    ],
    "layouts": {
        "presets": {
            "default": [
              0
            ]
          },
          "labels": [
            "ISO Enter"
          ],
        "keymap": [
            [
                {
                    "c": "#777777"
                },
                "0,0",
                {
                    "x": 0.25,
                    "c": "#cccccc"
                },
                "0,1",
                "0,2",
                "0,3",
                "0,4",
                {
                    "x": 0.25,
                    "c": "#aaaaaa"
                },
                "0,5",
                "0,6",
                "0,7",
                "0,8",
                {
                    "x": 0.25,
                    "c": "#cccccc"
                },
                "0,9",
                "0,10",
                "0,11",
                "0,12",
                {
                    "x": 0.25,
                    "c": "#aaaaaa"
                },
                "0,13",
                "0,14"
            ],
            [
                {
                    "y": 0.25,
                    "c": "#cccccc"
                },
                "1,0",
                "1,1",
                "1,2",
                "1,3",
                "1,4",
                "1,5",
                "1,6",
                "1,7",
                "1,8",
                "1,9",
                "1,10",
                "1,11",
                "1,12",
                {
                    "c": "#aaaaaa",
                    "w": 2
                },
                "1,13",
                "1,14"
            ],
            [
                {
                    "w": 1.5
                },
                "2,0",
                {
                    "c": "#cccccc"
                },
                "2,1",
                "2,2",
                "2,3",
                "2,4",
                "2,5",
                "2,6",
                "2,7",
                "2,8",
                "2,9",
                "2,10",
                "2,11",
                "2,12",
                {
                    "c": "#aaaaaa",
                    "w": 1.5
                },
                "2,13\n\n\n0,0",
                "2,14",
                {
                    "x": 1.25,
                    "c": "#777777",
                    "w": 1.25,
                    "h": 2,
                    "w2": 1.5,
                    "h2": 1,
                    "x2": -0.25
                },
                "3,13\n\n\n0,1"
            ],
            [
                {
                    "c": "#aaaaaa",
                    "w": 1.75
                },
                "3,0",
                {
                    "c": "#cccccc"
                },
                "3,1",
                "3,2",
                "3,3",
                "3,4",
                "3,5",
                "3,6",
                "3,7",
                "3,8",
                "3,9",
                "3,10",
                "3,11",
                {
                    "c": "#777777",
                    "w": 2.25
                },
                "3,13\n\n\n0,0",
                {
                    "c": "#aaaaaa"
                },
                "3,14",
                {
                    "x": 0.25
                },
                "2,13\n\n\n0,1"
            ],
            [
                {
                    "w": 2.25
                },
                "4,0",
                {
                    "c": "#cccccc"
                },
                "4,2",
                "4,3",
                "4,4",
                "4,5",
                "4,6",
                "4,7",
                "4,8",
                "4,9",
                "4,10",
                "4,11",
                {
                    "c": "#aaaaaa",
                    "w": 1.75
                },
                "4,12",
                {
                    "c": "#777777"
                },
                "4,13",
                {
                    "c": "#aaaaaa"
                },
                "4,14"
            ],
            [
                {
                    "w": 1.25
                },
                "5,0",
                {
                    "w": 1.25
                },
                "5,1",
                {
                    "w": 1.25
                },
                "5,2",
                {
                    "c": "#cccccc",
                    "w": 6.25
                },
                "5,6",
                {
                    "c": "#aaaaaa",
                    "w": 1.25
                },
                "5,8",
                {
                    "w": 1.25
                },
                "5,9",
                {
                    "x": 0.5,
                    "c": "#777777"
                },
                "5,10",
                "5,13",
                "5,14"
            ]
        ]
    }
}
