{
  "name": "Jelly Evolv solder",
  "vendorId": "0x4F53",
  "productId": "0x4A56",
  "matrix": {
    "rows": 6,
    "cols": 15
  },
  "keycodes": [
    "qmk_lighting"
  ],
  "menus": [
    "qmk_rgblight"
  ],
  "layouts": {
    "labels": [
      "Split Backspace",
      "ISO enter",
      "Split Left Shift",
      [
        "Bottom Row",
        "6.25u",
        "7u",
        "Dual-Blocker 7u"
      ]
    ],
    "keymap": [
      [
        {
          "c": "#777777"
        },
        "0,0",
        {
          "c": "#aaaaaa",
          "x": 0.5
        },
        "0,1",
        "0,2",
        "0,3",
        "0,4",
        {
          "c": "#cccccc",
          "x": 0.5
        },
        "0,5",
        "0,6",
        "0,7",
        "0,8",
        {
          "c": "#aaaaaa",
          "x": 0.5
        },
        "0,9",
        "0,10",
        "0,11",
        "0,12",
        {
          "x": 0.5
        },
        "0,14"
      ],
      [
        {
          "y": 0.5,
          "c": "#cccccc"
        },
        "1,0",
        "1,1",
        "1,2",
        "1,3",
        "1,4",
        "1,5",
        "1,6",
        "1,7",
        "1,8",
        "1,9",
        "1,10",
        "1,11",
        "1,12",
        {
          "w": 2,
          "c": "#aaaaaa"
        },
        "1,13\n\n\n0,0",
        "1,14",
        {
          "c": "#cccccc"
        },
        "2,13\n\n\n0,1",
        {
          "c": "#aaaaaa"
        },
        "1,13\n\n\n0,1"
      ],
      [
        {
          "w": 1.5
        },
        "2,0",
        {
          "c": "#cccccc"
        },
        "2,1",
        "2,2",
        "2,3",
        "2,4",
        "2,5",
        "2,6",
        "2,7",
        "2,8",
        "2,9",
        "2,10",
        "2,11",
        "2,12",
        {
          "w": 1.5
        },
        "3,12\n\n\n1,0",
        {
          "c": "#aaaaaa"
        },
        "2,14",
        {
          "x": 1,
          "w": 1.25,
          "c": "#777777",
          "h": 2,
          "w2": 1.5,
          "h2": 1,
          "x2": -0.25
        },
        "3,13\n\n\n1,1"
      ],
      [
        {
          "w": 1.75,
          "c": "#aaaaaa"
        },
        "3,0",
        {
          "c": "#cccccc"
        },
        "3,1",
        "3,2",
        "3,3",
        "3,4",
        "3,5",
        "3,6",
        "3,7",
        "3,8",
        "3,9",
        "3,10",
        "3,11",
        {
          "w": 2.25,
          "c": "#777777"
        },
        "3,13\n\n\n1,0",
        {
          "c": "#aaaaaa"
        },
        "3,14",
        {
          "c": "#cccccc"
        },
        "3,12\n\n\n1,1"
      ],
      [
        {
          "x": -2.25,
          "w": 1.25,
          "c": "#aaaaaa"
        },
        "4,0\n\n\n2,1",
        {
          "c": "#cccccc"
        },
        "5,3\n\n\n2,1",
        {
          "w": 2.25,
          "c": "#aaaaaa"
        },
        "4,0\n\n\n2,0",
        {
          "c": "#cccccc"
        },
        "4,1",
        "4,2",
        "4,3",
        "4,4",
        "4,5",
        "4,6",
        "4,7",
        "4,8",
        "4,9",
        "4,10",
        {
          "w": 1.75,
          "c": "#aaaaaa"
        },
        "4,11",
        "4,13"
      ],
      [
        {
          "w": 1.25
        },
        "5,0\n\n\n3,0",
        {
          "w": 1.25
        },
        "5,1\n\n\n3,0",
        {
          "w": 1.25
        },
        "5,2\n\n\n3,0",
        {
          "w": 6.25,
          "c": "#cccccc"
        },
        "5,5\n\n\n3,0",
        {
          "c": "#aaaaaa",
          "w": 1.25
        },
        "5,9\n\n\n3,0",
        {
          "w": 1.25
        },
        "5,10\n\n\n3,0",
        {
          "x": 0.5
        },
        "5,12",
        "5,13",
        "5,14"
      ],
      [
        {
          "w": 1.5
        },
        "5,0\n\n\n3,1",
        "5,1\n\n\n3,1",
        {
          "w": 1.5
        },
        "5,2\n\n\n3,1",
        {
          "w": 7,
          "c": "#cccccc"
        },
        "5,5\n\n\n3,1",
        {
          "c": "#aaaaaa",
          "w": 1.5
        },
        "5,10\n\n\n3,1"
      ],
      [
        {
          "w": 1.5
        },
        "5,0\n\n\n3,2",
        {
          "w": 1.5
        },
        "5,1\n\n\n3,2",
        {
          "x": 0.5
        },
        "5,2\n\n\n3,2",
        {
          "w": 7,
          "c": "#cccccc"
        },
        "5,5\n\n\n3,2",
        {
          "c": "#aaaaaa"
        },
        "5,10\n\n\n3,2"
      ]
    ]
  }
}
