{
  "name": "Sand65",
  "vendorId": "0xA103",
  "productId":"0x200B",
  "matrix": {
      "rows": 5,
      "cols": 15
  },
  "keycodes": ["qmk_lighting"],
  "menus":    ["qmk_rgblight"],
  "layouts": {
    "presets": {"default": [0, 0, 0, 0]},
    "labels": [
      "\u5206\u88c2\u9000\u683c / Split Backspace",
      "\u4e03\u56de / ISO Enter",
      "\u5206\u88c2\u5de6Shift / Split Left Shift",
      "6.25U / 7U"
    ],
      "keymap": [
          [
              "0,0",
              "0,1",
              "0,2",
              "0,3",
              "0,4",
              "0,5",
              "0,6",
              "0,7",
              "0,8",
              "0,9",
              "0,10",
              "0,11",
              "0,12",
              {"w":2},
              "0,13\n\n\n0,0",
              "0,13\n\n\n0,1",
              "0,14\n\n\n0,1"
          ],
          [
            {"w":1.5},
              "1,0",
              "1,1",
              "1,2",
              "1,3",
              "1,4",
              "1,5",
              "1,6",
              "1,7",
              "1,8",
              "1,9",
              "1,10",
              "1,11",
              "1,12",
              {"w":1.5},
              "1,13\n\n\n1,0",
              "1,14",
              {
                "x": 1.25,
                "w": 1.25,
                "h": 2,
                "w2": 1.5,
                "h2": 1,
                "x2": -0.25
              },
              "2,13\n\n\n1,1"

          ],
          [
            {"w":1.75},
              "2,0",
              "2,1",
              "2,2",
              "2,3",
              "2,4",
              "2,5",
              "2,6",
              "2,7",
              "2,8",
              "2,9",
              "2,10",
              "2,11",
              {"w":2.25},
              "2,13\n\n\n1,0",
              "2,14",
              {"x": 0.25},
              "1,13\n\n\n1,1"
          ],
          [
            {"w":2.25},
              "3,0\n\n\n2,0",
              "3,2",
              "3,3",
              "3,4",
              "3,5",
              "3,6",
              "3,7",
              "3,8",
              "3,9",
              "3,10",
              "3,11",
              {"w":1.75},
              "3,12",
              "3,13",
              "3,14",
              {"w":1.25},
              "3,0\n\n\n2,1",
              "3,1\n\n\n2,1"              
          ],
          [
              {"w":1.25},
              "4,0\n\n\n3,0",
              {"w":1.25},
              "4,1\n\n\n3,0",
              {"w":1.25},
              "4,2\n\n\n3,0",
              {"w":6.25},
              "4,6\n\n\n3,0",
              {"w":1.25},
              "4,10\n\n\n3,0",
              {"w":1.25},
              "4,11\n\n\n3,0",
              {"x":0.5},
              "4,12",
              "4,13",
              "4,14",
              {"w":1.5},
              "4,0\n\n\n3,1",
              {"w":1},
              "4,1\n\n\n3,1",
              {"w":1.5},
              "4,2\n\n\n3,1",
              {"w":7},
              "4,6\n\n\n3,1",
              {"w":1.5},
              "4,11\n\n\n3,1"
          ]
      ]
  }
}
