{
  "name": "09",
  "vendorId": "0x0314",
  "productId": "0xAA52",
  "matrix": {
      "rows": 6,
      "cols": 17
  },
  "keycodes": [
    "qmk_lighting"
  ],
  "menus": [
    {
      "label": "Lighting",
      "content": [
        {
          "label": "SideLight",
          "content": [
            {
              "label": "Brightness",
              "type": "range",
              "options": [
                0,
                255
              ],
              "content": [
                "id_qmk_rgb_matrix_brightness",
                3,
                1
              ]
            },
            {
              "label": "Effect",
              "type": "dropdown",
              "content": [
                "id_qmk_rgb_matrix_effect",
                3,
                2
              ],
              "options": [
                [
                  "All Off",
                  0
                ],
                [
                  "Solid Color",
                  1
                ],
                [
                  "Gradient Up Down",
                  2
                ],
                [
                  "Gradient Left Right",
                  3
                ],
                [
                  "Breathing",
                  4
                ],
                [
                  "Cycle All",
                  5
                ],
                [
                  "Cycle Left Right",
                  6
                ],
                [
                  "Jellybean Raindrops",
                  7
                ],
                [
                  "Hue Breathing",
                  8
                ]
              ]
            },
            {
              "showIf": "{id_qmk_rgb_matrix_effect} != 0",
              "label": "Effect Speed",
              "type": "range",
              "options": [
                0,
                255
              ],
              "content": [
                "id_qmk_rgb_matrix_effect_speed",
                3,
                3
              ]
            },
            {
              "showIf": "{id_qmk_rgb_matrix_effect} != 0",
              "label": "Color",
              "type": "color",
              "content": [
                "id_qmk_rgb_matrix_color",
                3,
                4
              ]
            }
          ]
        }
      ]
    }
  ],
"layouts": {
    "presets": {"default": [0, 0, 0,0]},
    "labels": [
      "ISO Enter",
      ["R5", "6.25u", "7U"],
      "Split Left Shift",
      "Split Right Shift"
    ],
    "keymap": [
      [
        "0,0",
        {
          "x":0.25
        },
        "0,1",
        "0,2",
        "0,3",
        "0,4",
        {
          "x": 0.25
        },
        "0,5",
        "0,6",
        "0,7",
        "0,8",
        {
          "x": 0.25
        },
        "0,9",
        "0,10",
        "0,11",
        "0,12",
        {
          "x": 0.25
        },
        "0,13",
                {
          "x": 0.25
        },

        "0,14",
        "0,15",
        "0,16"
      ],
      [
        {
          "y": 0.5
        },
        "1,0",
        "1,1",
        "1,2",
        "1,3",
        "1,4",
        "1,5",
        "1,6",
        "1,7",
        "1,8",
        "1,9",
        "1,10",
        "1,11",
        "1,12",
        {"w": 2},
        "1,13",
        {"x": 0.25},
        "1,14",
        "1,15",
        "1,16"
      ],
      [
        {"w": 1.5},
        "2,0",
        "2,1",
        "2,2",
        "2,3",
        "2,4",
        "2,5",
        "2,6",
        "2,7",
        "2,8",
        "2,9",
        "2,10",
        "2,11",
        "2,12",
        {"w":1.5},
        "2,13\n\n\n0,0",
        {
          "x": 1.25,
          "w": 1.25,
          "h": 2,
          "w2": 1.5,
          "h2": 1,
          "x2": -0.25
        },
        "3,12\n\n\n0,1",
        {
          "x": -2.25
        },
        "2,14",
        "2,15",
        "2,16"
      ],
      [
        {"w": 1.75},
        "3,0",
        "3,1",
        "3,2",
        "3,3",
        "3,4",
        "3,5",
        "3,6",
        "3,7",
        "3,8",
        "3,9",
        "3,10",
        "3,11",
        {"w": 2.25},
        "3,12\n\n\n0,0",
        {"x": 0.25},
        "2,13\n\n\n0,1"
      ],
      [
        {"w": 2.25},
        "4,0\n\n\n2,0",
        "4,2",
        "4,3",
        "4,4",
        "4,5",
        "4,6",
        "4,7",
        "4,8",
        "4,9",
        "4,10",
        "4,11",
        {"w": 2.75},
        "4,12\n\n\n3,0",
        {"x": 1.25},
        "4,15",
        "4,16\n\n\n\n\n\n\n\n\ne0",
        {"w": 1.25},
        "4,0\n\n\n2,1",
        "4,1\n\n\n2,1",
        {"w": 1.75},
        "4,12\n\n\n3,1",
        "4,13\n\n\n3,1"
      ],
      [
        {"w": 1.25},
        "5,0\n\n\n1,0",
        {"w": 1.25},
        "5,1\n\n\n1,0",
        {"w": 1.25},
        "5,2\n\n\n1,0",
        {"w": 6.25},
        "5,7\n\n\n1,0",
        {"w": 1.25},
        "5,10\n\n\n1,0",
        {"w": 1.25},
        "5,11\n\n\n1,0",
        {"w": 1.25},
        "5,12\n\n\n1,0",
        {"w": 1.25},
        "5,13\n\n\n1,0",
        {"x": 0.25},
        "5,14\n\n\n1,0",
        "5,15\n\n\n1,0",
        "5,16\n\n\n1,0"
      ],
      [
      {"w": 1.5},
      "5,0\n\n\n1,1",
      {"w": 1},
      "5,1\n\n\n1,1",
      {"w": 1.5},
      "5,2\n\n\n1,1",
      {"w": 7},
      "5,7\n\n\n1,1",
      {"w": 1.5},
      "5,10\n\n\n1,1",
      "5,11\n\n\n1,1",
      {"w": 1.5},
      "5,13\n\n\n1,1",
      {"x": 0.25},
      "5,14\n\n\n1,1",
      "5,15\n\n\n1,1",
      "5,16\n\n\n1,1"
      ]
    ]
}
}
