{
    "name": "Nlice",
    "vendorId": "0xFFFE",
    "productId": "0x0084",
    "keycodes": ["qmk_lighting"],
    "menus": [
      {
        "label": "Lighting",
        "content": [
          {
            "label": "Backlight",
            "content": [
              {
                "label": "Brightness",
                "type": "range",
                "options": [0, 200],
                "content": ["id_qmk_rgb_matrix_brightness", 3, 1]
              },
              {
                "label": "Effect",
                "type": "dropdown",
                "content": ["id_qmk_rgb_matrix_effect", 3, 2],
                "options": [
                    ["All Off", 0],
                    ["SOLID_COLOR", 1],
                    ["BREATHING", 2],
                    ["CYCLE_ALL", 3],
                    ["CYCLE_LEFT_RIGHT", 4],
                    ["CYCLE_UP_DOWN", 5],
                    ["RAINBOW_MOVING_CHEVRON", 6],
                    ["CYCLE_OUT_IN", 7],
                    ["CYCLE_OUT_IN_DUAL", 8],
                    ["CYCLE_PINWHEEL", 9],
                    ["CYCKE_SPIRAL", 10],
                    ["DUAL_BEACON", 11],
                    ["RAINBOW_BEACON", 12],
                    ["RAINDROPS", 13],
                    ["TYPING_HEATMAP", 14],
                    ["SOLID_REACTIVE_SIMPLE", 15],
                    ["SOLID_REACTIVE", 16],
                    ["SOLID_REACTIVE_NEXUS", 17],
                    ["MATRIX_MULTISPLASH", 18]

                ]
              },
              {
                "showIf": "{id_qmk_rgb_matrix_effect} != 0",
                "label": "Effect Speed",
                "type": "range",
                "options": [0, 255],
                "content": ["id_qmk_rgb_matrix_effect_speed", 3, 3]
              },
              {
                "showIf": "{id_qmk_rgb_matrix_effect} != 0",
                "label": "Color",
                "type": "color",
                "content": ["id_qmk_rgb_matrix_color", 3, 4]
              }
            ]
          }
        ]
      }
    ],
    "matrix": { "rows": 5, "cols": 15 },
    "customKeycodes":[
        {"name":"BT_HOST1","title":"BT_HOST1","shortName":"BT_HOST1"},
        {"name":"BT_HOST2","title":"BT_HOST2","shortName":"BT_HOST2"},
        {"name":"BT_HOST3","title":"BT_HOST3","shortName":"BT_HOST3"},
        {"name":"BT_2_4G","title": "BT_2_4G","shortName":"BT_2_4G"},
        {"name":"BT_USB","title":  "BT_USB","shortName":"BT_USB"}
      ],
    "layouts": {
      "keymap":[
        [
          {
            "rx": 1.5,
            "y": 0.25,
            "x": 2.25
          },
          "0,3"
        ],
        [
          {
            "y": -0.75,
            "x": -1,
            "c": "#777777"
          },
          "0,0",
          {
            "x": 0.25,
            "c": "#aaaaaa"
          },
          "0,1",
          {
            "c": "#cccccc"
          },
          "0,2",
          {
            "x": 9.75
          },
          "0,12",
          "0,13",
          {
            "c": "#777777",
            "w": 2
          },
          "0,14"
        ],
        [
          {
            "x": -1.25
          },
          "1,0",
          {
            "x": 0.25,
            "w": 1.75
          },
          "1,1",
          {
            "c": "#cccccc"
          },
          "1,2",
          {
            "x": 9
          },
          "1,11",
          "1,12",
          "1,13",
          {
            "w": 1.5
          },
          "1,14"
        ],
        [
          {
            "x": -1.5,
            "c": "#777777"
          },
          "2,0",
          {
            "x": 0.25,
            "w": 2
          },
          "2,1",
          {
            "c": "#cccccc"
          },
          "2,2",
          {
            "x": 9.5
          },
          "2,11",
          "2,12",
          {
            "c": "#aaaaaa",
            "w": 2.25
          },
          "2,13"
        ],
        [
          {
            "x": -0.5,
            "c": "#777777",
            "w": 2.5
          },
          "3,0",
          {
            "c": "#cccccc"
          },
          "3,1",
          {
            "x": 9
          },
          "3,10",
          "3,11",
          {
            "c": "#777777"
          },
          "3,12",
          {
            "w": 1.5
          },
          "3,13"
        ],
        [
          {
            "x": -0.5,
            "w": 1.5
          },
          "4,0",
          {
            "w": 1.5
          },
          "4,1",
          {
            "x": 10.5
          },
          "4,11",
          "4,12",
          "4,13"
        ],
        [
          {
            "r": 10,
            "ry": 0.75,
            "y": -0.75,
            "x": 3.5,
            "c": "#cccccc"
          },
          "0,4",
          "0,5",
          "0,6",
          "0,7"
        ],
        [
          {
            "x": 3
          },
          "1,3",
          "1,4",
          "1,5",
          "1,6"
        ],
        [
          {
            "x": 3.25
          },
          "2,3",
          "2,4",
          "2,5",
          "2,6"
        ],
        [
          {
            "x": 3.75
          },
          "3,2",
          "3,3",
          "3,4",
          "3,5"
        ],
        [
          {
            "x": 4,
            "c": "#777777",
            "w": 1.25
          },
          "4,2",
          {
            "c": "#cccccc",
            "w": 2
          },
          "4,3"
        ],
        [
          {
            "r": -10,
            "ry": 0,
            "y": 2.5,
            "x": 7.5
          },
          "0,8",
          "0,9",
          "0,10",
          "0,11"
        ],
        [
          {
            "x": 7
          },
          "1,7",
          "1,8",
          "1,9",
          "1,10"
        ],
        [
          {
            "x": 7.25
          },
          "2,7",
          "2,8",
          "2,9",
          "2,10"
        ],
        [
          {
            "x": 6.75
          },
          "3,6",
          "3,7",
          "3,8",
          "3,9"
        ],
        [
          {
            "x": 6.75,
            "w": 2.5
          },
          "4,6",
          {
            "c": "#777777",
            "w": 1.75
          },
          "4,7"
        ]
      ]
    }
  }
