{
  "name": "40",
  "vendorId": "0xA103",
  "productId": "0xAA42",
  "keycodes": [
    "qmk_lighting"
  ],
  "menus": [
    {
      "label": "Lighting",
      "content": [
        {
          "label": "Backlight",
          "content": [
            {
              "label": "Brightness",
              "type": "range",
              "options": [
                0,
                255
              ],
              "content": [
                "id_qmk_rgb_matrix_brightness",
                3,
                1
              ]
            },
            {
              "label": "Effect",
              "type": "dropdown",
              "content": [
                "id_qmk_rgb_matrix_effect",
                3,
                2
              ],
              "options": [
                "All Off",
                "Solid Color",
                "Alphas Mods",
                "Gradient Up/Down",
                "Gradient Left/Right",
                "Breathing",
                "Band Sat.",
                "Band Val.",
                "Pinwheel Sat.",
                "Pinwheel Val.",
                "Spiral Sat.",
                "Spiral Val.",
                "Cycle All",
                "Cycle Left/Right",
                "Cycle Up/Down",
                "Rainbow Moving Chevron",
                "Cycle Out/In",
                "Cycle Out/In Dual",
                "Cycle Pinwheel",
                "Cycle Spiral",
                "Dual Beacon",
                "Rainbow Beacon",
                "Rainbow Pinwheels",
                "Raindrops",
                "Jellybean Raindrops",
                "Hue Breathing",
                "Hue Pendulum",
                "Hue Wave",
                "Pixel Rain",
                "Pixel Flow",
                "Pixel Fractal",
                "Typing Heatmap",
                "Digital Rain",
                "Solid Reactive Simple",
                "Solid Reactive",
                "Solid Reactive Wide",
                "Solid Reactive Multi Wide",
                "Solid Reactive Cross",
                "Solid Reactive Multi Cross",
                "Solid Reactive Nexus",
                "Solid Reactive Multi Nexus",
                "Spash",
                "Multi Splash",
                "Solid Splash",
                "Solid Multi Splash"
              ]
            },
            {
              "showIf": "{id_qmk_rgb_matrix_effect} != 0",
              "label": "Effect Speed",
              "type": "range",
              "options": [
                0,
                255
              ],
              "content": [
                "id_qmk_rgb_matrix_effect_speed",
                3,
                3
              ]
            },
            {
              "showIf": "{id_qmk_rgb_matrix_effect} != 0 && {id_qmk_rgb_matrix_effect} != 24 && {id_qmk_rgb_matrix_effect} != 28 && {id_qmk_rgb_matrix_effect} != 29 && {id_qmk_rgb_matrix_effect} != 32",
              "label": "Color",
              "type": "color",
              "content": [
                "id_qmk_rgb_matrix_color",
                3,
                4
              ]
            }
          ]
        } 
      ]
    }
  ],
  "matrix": {
    "rows": 4,
    "cols": 12
  },
  "customKeycodes": [
    {
      "name": "BT DEV1",
      "title": "BT Device 1",
      "shortName": "DEV1"
    },
    {
      "name": "BT DEV2",
      "title": "BT Device 2",
      "shortName": "DEV2"
    },
    {
      "name": "BT DEV3",
      "title": "BT Device 3",
      "shortName": "DEV3"
    },
    {
      "name": "2.4G",
      "title": "2.4G",
      "shortName": "DEV 2.4G"
    },
    {
      "name": "USB",
      "title": "USB",
      "shortName": "DEV USB"
    },
    {
      "name": "BAT RGB",
      "title": "BAT RGB",
      "shortName": "BAT RGB"
    }
  ],
  "layouts": {
    "keymap": [
      [
        "0,0",
        "0,1",
        "0,2",
        "0,3",
        "0,4",
        "0,5",
        "0,6",
        "0,7",
        "0,8",
        "0,9",
        "0,10",
        "0,11"
      ],
      [
        {
          "w": 1.5
        },
        "1,0",
        "1,1",
        "1,2",
        "1,3",
        "1,4",
        "1,5",
        "1,6",
        "1,7",
        "1,8",
        "1,9",
        {
          "w": 1.5
        },
        "1,10"
      ],
      [
        {
          "w": 1.75
        },
        "2,0",
        "2,1",
        "2,2",
        "2,3",
        "2,4",
        "2,5",
        "2,6",
        "2,7",
        "2,8",
        {
          "w": 1.25
        },
        "2,9",
        "2,10"
      ],
      [
        {
          "w": 1.25
        },
        "3,0",
        {
          "w": 1.25
        },
        "3,1",
        {
          "w": 1.25
        },
        "3,2",
        {"w":2.25},
        "3,6",
        {"w":2.25},
        "3,7",
        {
          "w": 1.25
        },
        "3,9",
        {
          "w": 1.25
        },
        "3,10",
        {
          "w": 1.25
        },
        "3,11"
      ]
    ]
  }
}