{
  "name": "YU75Pro",
  "vendorId": "0x0314",
  "productId": "0xAA26",
  "matrix": {
    "rows": 6,
    "cols": 16
  },
  "layouts": {
    "presets": {"default": [0, 0, 0]},
    "labels": [
      "\u4e03\u56de\u0020\u002f\u0020\u0049\u0053\u004f\u0020\u0045\u006e\u0074\u0065\u0072",
      "\u5206\u88c2\u53f3\u0053\u0068\u0069\u0066\u0074\u0020\u002f\u0020\u0053\u0070\u006c\u0069\u0074\u0020\u0052\u0069\u0067\u0068\u0074\u0020\u0053\u0068\u0069\u0066\u0074\u0020\u0028\u0031\u002e\u0037\u0035\u0055\u002b\u0031\u0055\u0029",
      "\u5206\u88c2\u7a7a\u683c\u0020\u002f\u0020\u0053\u0070\u006c\u0069\u0074\u0020\u0053\u0070\u0061\u0063\u0065\u0020\u0028\u0033\u0055\u002b\u0031\u002e\u0032\u0035\u0055\u002b\u0032\u002e\u0037\u0035\u0055\u0029"
    ],
    "keymap": [
      [
        "0,0",
        {
          "x":0.5
        },
        "0,1",
        "0,2",
        "0,3",
        "0,4",
        {
          "x": 0.5
        },
        "0,5",
        "0,6",
        "0,7",
        "0,8",
        {
          "x": 0.5
        },
        "0,9",
        "0,10",
        "0,11",
        "0,12",
        {
          "x": 0.5
        },
        "0,13",
        "0,14"
      ],
      [
        {
          "y": 0.25
        },
        "1,0",
        "1,1",
        "1,2",
        "1,3",
        "1,4",
        "1,5",
        "1,6",
        "1,7",
        "1,8",
        "1,9",
        "1,10",
        "1,11",
        "1,12",
        {
          "c": "#aaaaaa",
          "w": 2
        },
        "1,13",
        "1,14",
        "1,15"
      ],
      [
        {
          "w": 1.5
        },
        "2,0",
        "2,1",
        "2,2",
        "2,3",
        "2,4",
        "2,5",
        "2,6",
        "2,7",
        "2,8",
        "2,9",
        "2,10",
        "2,11",
        "2,12",
        {"w":1.5},
        "2,13\n\n\n0,0",
        {
          "x": 1.25,
          "w": 1.25,
          "h": 2,
          "w2": 1.5,
          "h2": 1,
          "x2": -0.25
        },
        "3,13\n\n\n0,1",
        {
          "x": -2.5
        },
        "2,14",
        "2,15"
      ],
      [
        {
          "w": 1.75
        },
        "3,0",
        "3,1",
        "3,2",
        "3,3",
        "3,4",
        "3,5",
        "3,6",
        "3,7",
        "3,8",
        "3,9",
        "3,10",
        "3,11",
        {
          "w": 2.25
        },
        "3,13\n\n\n0,0",
        {"x": 0.25},
        "2,13\n\n\n0,1",
        {"x":-1.25},
        "3,14",
        "3,15"
      ],
      [
        {
          "c": "#aaaaaa",
          "w": 2.25
        },
        "4,0",
        "4,1",
        "4,2",
        "4,3",
        "4,4",
        "4,5",
        "4,6",
        "4,7",
        "4,8",
        "4,9",
        "4,10",
        {
          "w": 2.75
        },
        "4,11\n\n\n1,0",
        "4,14",
        "4,15",
        {
          "w": 1.75
        },
        "4,11\n\n\n1,1",
        "4,13\n\n\n1,1"
      ],
      [
        {
          "w": 1.25
        },
        "5,0",
        {
          "w": 1.25
        },
        "5,1",
        {
          "w": 1.25
        },
        "5,2",
        {
          "w": 7
        },
        "5,9\n\n\n2,0",
        {
          "w": 1.25
        },
        "5,11",
        {
          "w": 1.25
        },
        "5,12",
        {
          "x": 0.75
        },
        "5,13",
        "5,14",
        "5,15",
        {
          "w": 3
        },
        "5,6\n\n\n2,1",
        {
          "w": 1.25
        },
        "5,9\n\n\n2,1",
        {
          "w": 2.75
        },
        "5,10\n\n\n2,1"
      ]
    ]
  }
}
