{
  "name": "RGB-spring",
  "vendorId": "0x4321",
  "productId": "0x0001",
  "keycodes": ["qmk_lighting"],
  "menus": ["qmk_rgb_matrix"],
  "matrix": {"rows": 5, "cols": 15},
  "layouts": {
    "keymap": [
         [{"y":0.9,"x":0.55},"0,0",{"x":2.15},"0,3",{"x":8.55},"0,12"],
    [{"y":-0.9,"x":1.7},"0,1","0,2",{"x":10.55},"0,13",{"w":2},"0,14"],
    [{"y":-0.1,"x":0.35},"2,0"],
    [{"y":-0.95,"x":12.95},"1,11"],
    [{"y":-0.95,"x":1.5,"w":1.5},"1,1","1,2",{"x":9.95},"1,12","1,13",{"w":1.5},"1,14"],
    [{"y":-0.1,"x":0.15},"3,0"],
    [{"y":-0.9,"x":1.3,"w":1.75},"2,1","2,2",{"x":9.27},"2,11",{"x":0.02},"2,12",{"x":0.02,"w":2.25},"2,14"],
    [{"x":1.1,"w":2.25},"3,1","3,2",{"x":8.75},"3,11","3,12","3,13",{"w":1.75},"3,14"],
    [{"x":1.1,"w":1.25},"4,0",{"w":1.25},"4,1",{"x":10.5},"4,12","4,13","4,14"],
    [{"r":12,"y":-6,"x":5},"0,4","0,5","0,6","0,7"],
    [{"x":4.5},"1,3","1,4","1,5","1,6"],
    [{"x":4.8},"2,3","2,4","2,5","2,6"],
    [{"x":5.3},"3,3","3,4","3,5","3,6"],
    [{"x":6.05,"w":1.25},"4,2",{"w":2},"4,3"],
    [{"r":-12,"y":-1.4,"x":8.55},"0,8","0,9","0,10","0,11"],
    [{"x":8.057},"1,7",{"x":-0.007},"1,8","1,9","1,10"],
    [{"x":8.2},"2,7","2,8","2,9","2,10"],
    [{"x":7.75},"3,7","3,8","3,9","3,10"],
    [{"x":7.75,"w":2.75},"4,10",{"w":1.25},"4,11"]
    ]
  }
}
