{
    "name": "h65",
    "vendorId": "0xAE86",
    "productId": "0xAAB8",
    "keycodes": ["qmk_lighting"],
    "menus": ["qmk_rgblight"],
    "matrix": {
        "rows": 5,
        "cols": 15
    },
    "layouts": {
        "keymap":[
  [
    {
      "y": 0.5,
      "x": 0.5
    },
    "0,0"
  ],
  [
    {
      "y": -0.75,
      "x": 1.75,
      "c": "#777777"
    },
    "0,1",
    {
      "c": "#cccccc"
    },
    "0,2",
    "0,3",
    {
      "x": 8.5
    },
    "0,12",
    "0,13",
    {
      "c": "#aaaaaa",
      "w": 2
    },
    "0,14"
  ],
  [
    {
      "y": -0.25,
      "x": 0.25,
      "c": "#cccccc"
    },
    "1,0"
  ],
  [
    {
      "y": -0.75,
      "x": 1.5,
      "c": "#aaaaaa",
      "w": 1.5
    },
    "1,1",
    {
      "c": "#cccccc"
    },
    "1,2",
    {
      "x": 9
    },
    "1,11",
    "1,12",
    "1,13",
    {
      "c": "#aaaaaa",
      "w": 1.5
    },
    "1,14"
  ],
  [
    {
      "y": -0.25,
      "c": "#cccccc"
    },
    "2,0"
  ],
  [
    {
      "y": -0.75,
      "x": 1.25,
      "c": "#aaaaaa",
      "w": 1.75
    },
    "2,1",
    {
      "c": "#cccccc"
    },
    "2,2",
    {
      "x": 9.5
    },
    "2,11",
    "2,12",
    {
      "c": "#777777",
      "w": 2.25
    },
    "2,14"
  ],
  [
    {
      "x": 1,
      "c": "#aaaaaa",
      "w": 2.25
    },
    "3,1",
    {
      "c": "#cccccc"
    },
    "3,2",
    {
      "x": 9
    },
    "3,11",
    "3,12",
    "3,13",
    {
      "c": "#aaaaaa",
      "w": 1.25
    },
    "3,14"
  ],
  [
    {
      "x": 1,
      "w": 1.5
    },
    "4,1",
    {
      "w": 1.25
    },
    "4,2",
    {
      "x": 10.5,
      "c": "#cccccc"
    },
    "4,12",
    "4,13",
    "4,14"
  ],
  [
    {
      "r": 10,
      "y": -5.75,
      "x": 5
    },
    "0,4",
    "0,5",
    "0,6",
    "0,7"
  ],
  [
    {
      "x": 4.5
    },
    "1,3",
    "1,4",
    "1,5",
    "1,6"
  ],
  [
    {
      "x": 4.75
    },
    "2,3",
    "2,4",
    "2,5",
    "2,6"
  ],
  [
    {
      "x": 5.25
    },
    "3,3",
    "3,4",
    "3,5",
    "3,6"
  ],
  [
    {
      "x": 6.25,
      "c": "#aaaaaa"
    },
    "4,4",
    {
      "w": 2
    },
    "4,5"
  ],
  [
    {
      "r": -10,
      "y": -2,
      "x": 8.75,
      "c": "#cccccc"
    },
    "0,8",
    "0,9",
    "0,10",
    "0,11"
  ],
  [
    {
      "x": 8.25
    },
    "1,7",
    "1,8",
    "1,9",
    "1,10"
  ],
  [
    {
      "x": 8.5
    },
    "2,7",
    "2,8",
    "2,9",
    "2,10"
  ],
  [
    {
      "x": 8
    },
    "3,7",
    "3,8",
    "3,9",
    "3,10"
  ],
  [
    {
      "x": 8,
      "c": "#aaaaaa",
      "w": 2.5
    },
    "4,10",
    {
      "w": 1.5
    },
    "4,11"
  ]
]
    }
}