{
	"name": "Cherry75V2_RGB",
	"vendorId": "0x4321",
	"productId": "0x7776",
    "keycodes": ["qmk_lighting"],
    "menus": [
        {
            "label": "\u706f\u5149",
            "content": [
              {
                "label": "\u603b\u5f00\u5173",
                "content": [
                  {
                    "label": "\u603b\u5f00\u5173",
                    "type": "toggle",
                    "content": [
                      "id_rgb_matrix_toggle[0]",
                      5,
                      1,
                      0
                    ]
                  },
                  {
                    "label": "\u8f74\u706f\u5f00\u5173",
                    "type": "toggle",
                    "content": [
                      "id_rgb_matrix_toggle[1]",
                      5,
                      1,
                      1
                    ]
                  },
                  {
                    "label": "\u5e95\u706f\u5f00\u5173",
                    "type": "toggle",
                    "content": [
                      "id_rgb_matrix_toggle[2]",
                      5,
                      1,
                      2
                    ]
                  }
                ]
              },
              {
                "label": "\u8f74\u706f\u706f\u6548",
                "content": [
                  {
                    "label": "Brightness",
                    "type": "range",
                    "options": [
                      0,
                      110
                    ],
                    "content": [
                      "id_qmk_rgb_matrix_brightness",
                      3,
                      1
                    ]
                  },
                  {
                    "label": "Effect",
                    "type": "dropdown",
                    "content": [
                      "id_qmk_rgb_matrix_effect",
                      3,
                      2
                    ],
                    "options": [
                      [
                        "Solid Color",
                        1
                      ],
                      [
                        "Alphas Mods",
                        2
                      ],
                      [
                        "Gradient Up/Down",
                        3
                      ],
                      [
                        "Gradient Left/Right",
                        4
                      ],
                      [
                        "Breathing",
                        5
                      ],
                      [
                        "Band Sat.",
                        6
                      ],
                      [
                        "Band Val.",
                        7
                      ],
                      [
                        "Pinwheel Sat.",
                        8
                      ],
                      [
                        "Pinwheel Val.",
                        9
                      ],
                      [
                        "Spiral Sat.",
                        10
                      ],
                      [
                        "Spiral Val.",
                        11
                      ],
                      [
                        "Cycle All",
                        12
                      ],
                      [
                        "Cycle Left/Right",
                        13
                      ],
                      [
                        "Cycle Up/Down",
                        14
                      ],
                      [
                        "Rainbow Moving Chevron",
                        15
                      ],
                      [
                        "Cycle Out/In",
                        16
                      ],
                      [
                        "Cycle Out/In Dual",
                        17
                      ],
                      [
                        "Cycle Pinwheel",
                        18
                      ],
                      [
                        "Cycle Spiral",
                        19
                      ],
                      [
                        "Dual Beacon",
                        20
                      ],
                      [
                        "Rainbow Beacon",
                        21
                      ],
                      [
                        "Rainbow Pinwheels",
                        22
                      ],
                      [
                        "Raindrops",
                        23
                      ],
                      [
                        "Jellybean Raindrops",
                        24
                      ],
                      [
                        "Hue Breathing",
                        25
                      ],
                      [
                        "Hue Pendulum",
                        26
                      ],
                      [
                        "Hue Wave",
                        27
                      ],
                      [
                        "Pixel Rain",
                        28
                      ],
                      [
                        "Pixel Flow",
                        29
                      ],
                      [
                        "Pixel Fractal",
                        30
                      ],
                      [
                        "Typing Heatmap",
                        31
                      ],
                      [
                        "Digital Rain",
                        32
                      ],
                      [
                        "Solid Reactive Simple",
                        33
                      ],
                      [
                        "Solid Reactive",
                        34
                      ],
                      [
                        "Solid Reactive Wide",
                        35
                      ],
                      [
                        "Solid Reactive Multi Wide",
                        36
                      ],
                      [
                        "Solid Reactive Cross",
                        37
                      ],
                      [
                        "Solid Reactive Multi Cross",
                        38
                      ],
                      [
                        "Solid Reactive Nexus",
                        39
                      ],
                      [
                        "Solid Reactive Multi Nexus",
                        40
                      ],
                      [
                        "Spash",
                        41
                      ],
                      [
                        "Multi Splash",
                        42
                      ],
                      [
                        "Solid Splash",
                        43
                      ],
                      [
                        "Solid Multi Splash",
                        44
                      ],
                      [
                        "Cycle Breathing",
                        46
                      ],
                      [
                        "Cycle Band Val.",
                        47
                      ],
                      [
                        "Cycle Pinwheel Sat.",
                        48
                      ],
                      [
                        "Cycle Pinwheel Val.",
                        49
                      ],
                      [
                        "Cycle Spiral Sat.",
                        50
                      ],
                      [
                        "Cycle Spiral Val.",
                        51
                      ],
                      [
                        "Cycle Right/Left",
                        52
                      ],
                      [
                        "Cycle Down/Up",
                        53
                      ],
                      [
                        "Cycle In/Out",
                        54
                      ],
                      [
                        "Cycle In/Out Dual",
                        55
                      ],
                      [
                        "Rainbow Fractal",
                        56
                      ],
                      [
                        "Snake",
                        57
                      ],
                      [
                        "Cycle Wave",
                        58
                      ],
                      [
                        "Rainbow Wave",
                        59
                      ],
                      [
                        "Rainbow Wave 2",
                        60
                      ],
                      [
                        "Cycle Alter",
                        61
                      ],
                      [
                        "Rainbow Alter",
                        62
                      ],
                      [
                        "Breathing Circle",
                        63
                      ],
                      [
                        "Cycle Breathing Circle",
                        64
                      ],
                      [
                        "Bloom",
                        65
                      ],
                      [
                        "Commet",
                        66
                      ],
                      [
                        "Rotate Rainbow",
                        67
                      ],
                      [
                        "Motion Points",
                        68
                      ],
                      [
                        "Rotate Pendulum",
                        69
                      ],
                      [
                        "Rotate Wipers",
                        70
                      ],
                      [
                        "Horizontal Stack",
                        71
                      ],
                      [
                        "Vertical Stack",
                        72
                      ],
                      [
                        "Swap",
                        73
                      ],
                      [
                        "Static zigzag",
                        74
                      ],
                      [
                        "Rainbow zigzag",
                        75
                      ],
                      [
                        "Candy Tap",
                        76
                      ],
                      [
                        "Cycle Reactive Multi Wide",
                        77
                      ],
                      [
                        "Cycle Reactive Multi Cross",
                        78
                      ],
                      [
                        "Cycle Reactive Multi Nexus",
                        79
                      ],
                      [
                        "Cycle Multi Splash",
                        80
                      ],
                      [
                        "Rainbow Reactive Multi Wide",
                        81
                      ],
                      [
                        "Rainbow Reactive Multi Cross",
                        82
                      ],
                      [
                        "Rainbow Reactive Multi Nexus",
                        83
                      ]
                    ]
                  },
                  {
                    "showIf": "{id_qmk_rgb_matrix_effect} != 0",
                    "label": "Effect Speed",
                    "type": "range",
                    "options": [
                      0,
                      255
                    ],
                    "content": [
                      "id_qmk_rgb_matrix_effect_speed",
                      3,
                      3
                    ]
                  },
                  {
                    "showIf": "{id_qmk_rgb_matrix_effect} != 0 && {id_qmk_rgb_matrix_effect} != 24 && {id_qmk_rgb_matrix_effect} != 28 && {id_qmk_rgb_matrix_effect} != 29 && {id_qmk_rgb_matrix_effect} != 32",
                    "label": "Color",
                    "type": "color",
                    "content": [
                      "id_qmk_rgb_matrix_color",
                      3,
                      4
                    ]
                  }
                ]
              },
              {
                "label": "\u5e95\u706f\u706f\u6548",
                "content": [
                  {
                    "showIf": "{id_underglow_rgb_matrix_effect} != 1",
                    "label": "Brightness",
                    "type": "range",
                    "options": [
                      0,
                      110
                    ],
                    "content": [
                      "id_underglow_rgb_matrix_brightness",
                      5,
                      2
                    ]
                  },
                  {
                    "label": "Effect",
                    "type": "dropdown",
                    "content": [
                      "id_underglow_rgb_matrix_effect",
                      5,
                      3
                    ],
                    "options": [
                      [
                        "Sync",
                        1
                      ],
                      [
                        "Breathing",
                        2
                      ],
                      [
                        "Cycle Breathing",
                        3
                      ],
                      [
                        "Cycle Band Val.",
                        4
                      ],
                      [
                        "Cycle Pinwheel Val.",
                        5
                      ],
                      [
                        "Cycle All",
                        6
                      ],
                      [
                        "Cycle Left/Right",
                        7
                      ],
                      [
                        "Cycle Up/Down",
                        8
                      ],
                      [
                        "Cycle Out/In",
                        9
                      ],
                      [
                        "Cycle In/Out",
                        10
                      ],
                      [
                        "Rainbow Pinwheel",
                        11
                      ],
                      [
                        "Cycle Spiral",
                        12
                      ]
                    ]
                  },
                  {
                    "showIf": "{id_underglow_rgb_matrix_effect} != 1",
                    "label": "Effect Speed",
                    "type": "range",
                    "options": [
                      0,
                      255
                    ],
                    "content": [
                      "id_underglow_rgb_matrix_effect_speed",
                      5,
                      4
                    ]
                  },
                  {
                    "showIf": "{id_underglow_rgb_matrix_effect} != 1",
                    "label": "Color",
                    "type": "color",
                    "content": [
                      "id_underglow_rgb_matrix_color",
                      5,
                      5
                    ]
                  }
                ]
              },
              {
                "label": "\u6307\u793a\u706f",
                "content": [
                  {
                    "label": "\u5173\u706f\u65f6\u4e5f\u751f\u6548",
                    "type": "toggle",
                    "content": [
                      "id_rgb_indicators_override",
                      6,
                      1
                    ]
                  },
                  {
                    "showIf": "{id_rgb_indicators_effect1} != 0",
                    "label": "Caps Lock Brightness",
                    "type": "range",
                    "options": [
                      0,
                      255
                    ],
                    "content": [
                      "id_rgb_indicators_brightness[1]",
                      6,
                      2,
                      1
                    ]
                  },
                  {
                    "label": "Caps Lock Effect",
                    "type": "dropdown",
                    "content": [
                      "id_rgb_indicators_effect1",
                      6,
                      3,
                      1
                    ],
                    "options": [
                      [
                        "All Off",
                        0
                      ],
                      [
                        "Solid Color",
                        1
                      ],
                      [
                        "Breathing",
                        2
                      ],
                      [
                        "Cycle Breathing",
                        3
                      ],
                      [
                        "Cycle All",
                        4
                      ],
                      [
                        "Twinkle",
                        5
                      ],
                      [
                        "Random Color",
                        6
                      ]
                    ]
                  },
                  {
                    "showIf": "{id_rgb_indicators_effect1} != 0",
                    "label": "Caps Lock Led",
                    "type": "dropdown",
                    "content": [
                      "id_rgb_indicators_led[1]",
                      6,
                      5,
                      1
                    ],
                    "options": [
                      [
                        "\u6240\u6709\u706f\u73e0",
                        0
                      ],
                      [
                        "\u8f74\u706f",
                        1
                      ],
                      [
                        "\u5e95\u706f",
                        2
                      ],
                      [
                        "Led 0",
                        4
                      ],
                      [
                        "Led 1",
                        5
                      ],
                      [
                        "Led 2",
                        6
                      ],
                      [
                        "Led 3",
                        7
                      ],
                      [
                        "Led 4",
                        8
                      ],
                      [
                        "Led 5",
                        9
                      ],
                      [
                        "Led 6",
                        10
                      ],
                      [
                        "Led 7",
                        11
                      ],
                      [
                        "Led 8",
                        12
                      ],
                      [
                        "Led 9",
                        13
                      ],
                      [
                        "Led 10",
                        14
                      ],
                      [
                        "Led 11",
                        15
                      ],
                      [
                        "Led 12",
                        16
                      ],
                      [
                        "Led 13",
                        17
                      ],
                      [
                        "Led 14",
                        18
                      ],
                      [
                        "Led 15",
                        19
                      ],
                      [
                        "Led 16",
                        20
                      ],
                      [
                        "Led 17",
                        21
                      ],
                      [
                        "Led 18",
                        22
                      ],
                      [
                        "Led 19",
                        23
                      ],
                      [
                        "Led 20",
                        24
                      ],
                      [
                        "Led 21",
                        25
                      ],
                      [
                        "Led 22",
                        26
                      ],
                      [
                        "Led 23",
                        27
                      ],
                      [
                        "Led 24",
                        28
                      ],
                      [
                        "Led 25",
                        29
                      ],
                      [
                        "Caps\u5de6\u4e0b",
                        30
                      ],
                      [
                        "Caps\u53f3\u4e0a",
                        31
                      ],
                      [
                        "Led 28",
                        32
                      ],
                      [
                        "Led 29",
                        33
                      ],
                      [
                        "Led 30",
                        34
                      ],
                      [
                        "Led 31",
                        35
                      ],
                      [
                        "Led 32",
                        36
                      ],
                      [
                        "Led 33",
                        37
                      ],
                      [
                        "Led 34",
                        38
                      ],
                      [
                        "Led 35",
                        39
                      ],
                      [
                        "Led 36",
                        40
                      ],
                      [
                        "Led 37",
                        41
                      ],
                      [
                        "Led 38",
                        42
                      ],
                      [
                        "Led 39",
                        43
                      ],
                      [
                        "Led 40",
                        44
                      ],
                      [
                        "Led 41",
                        45
                      ],
                      [
                        "Led 42",
                        46
                      ],
                      [
                        "Led 43",
                        47
                      ],
                      [
                        "Led 44",
                        48
                      ],
                      [
                        "Led 45",
                        49
                      ],
                      [
                        "Led 46",
                        50
                      ],
                      [
                        "Led 47",
                        51
                      ],
                      [
                        "Led 48",
                        52
                      ],
                      [
                        "Led 49",
                        53
                      ],
                      [
                        "Led 50",
                        54
                      ],
                      [
                        "Led 51",
                        55
                      ],
                      [
                        "Led 52",
                        56
                      ],
                      [
                        "Led 53",
                        57
                      ],
                      [
                        "Led 54",
                        58
                      ],
                      [
                        "Led 55",
                        59
                      ],
                      [
                        "Led 56",
                        60
                      ],
                      [
                        "Led 57",
                        61
                      ],
                      [
                        "Led 58",
                        62
                      ],
                      [
                        "Led 59",
                        63
                      ],
                      [
                        "Led 60",
                        64
                      ],
                      [
                        "Led 61",
                        65
                      ],
                      [
                        "Led 62",
                        66
                      ],
                      [
                        "Led 63",
                        67
                      ],
                      [
                        "Led 64",
                        68
                      ],
                      [
                        "Led 65",
                        69
                      ],
                      [
                        "Led 66",
                        70
                      ],
                      [
                        "Led 67",
                        71
                      ],
                      [
                        "Led 68",
                        72
                      ],
                      [
                        "Led 69",
                        73
                      ],
                      [
                        "Led 70",
                        74
                      ],
                      [
                        "Led 71",
                        75
                      ]
                      ,
                      [
                        "Led 72",
                        76
                      ],
                      [
                        "Led 73",
                        77
                      ],
                      [
                        "Led 74",
                        78
                      ],
                      [
                        "Led 75",
                        79
                      ]
                    ]
                  },
                  {
                    "showIf": "{id_rgb_indicators_effect1} != 0",
                    "label": "Caps Lock Color",
                    "type": "color",
                    "content": [
                      "id_rgb_indicators_color[1]",
                      6,
                      4,
                      1
                    ]
                  },
                  {
                    "showIf": "{id_rgb_indicators_effect0} != 0",
                    "label": "Num Lock Brightness",
                    "type": "range",
                    "options": [
                      0,
                      255
                    ],
                    "content": [
                      "id_rgb_indicators_brightness[0]",
                      6,
                      2,
                      0
                    ]
                  },
                  {
                    "label": "Num Lock Effect",
                    "type": "dropdown",
                    "content": [
                      "id_rgb_indicators_effect0",
                      6,
                      3,
                      0
                    ],
                    "options": [
                      [
                        "All Off",
                        0
                      ],
                      [
                        "Solid Color",
                        1
                      ],
                      [
                        "Breathing",
                        2
                      ],
                      [
                        "Cycle Breathing",
                        3
                      ],
                      [
                        "Cycle All",
                        4
                      ],
                      [
                        "Twinkle",
                        5
                      ],
                      [
                        "Random Color",
                        6
                      ]
                    ]
                  },
                  {
                    "showIf": "{id_rgb_indicators_effect0} != 0",
                    "label": "Num Lock Led",
                    "type": "dropdown",
                    "content": [
                      "id_rgb_indicators_led[0]",
                      6,
                      5,
                      0
                    ],
                    "options": [
                      [
                        "All Led",
                        0
                      ],
                      [
                        "Backlight",
                        1
                      ],
                      [
                        "Underglow",
                        2
                      ],
                      [
                        "Led 0",
                        4
                      ],
                      [
                        "Led 1",
                        5
                      ],
                      [
                        "Led 2",
                        6
                      ],
                      [
                        "Led 3",
                        7
                      ],
                      [
                        "Led 4",
                        8
                      ],
                      [
                        "Led 5",
                        9
                      ],
                      [
                        "Led 6",
                        10
                      ],
                      [
                        "Led 7",
                        11
                      ],
                      [
                        "Led 8",
                        12
                      ],
                      [
                        "Led 9",
                        13
                      ],
                      [
                        "Led 10",
                        14
                      ],
                      [
                        "Led 11",
                        15
                      ],
                      [
                        "Led 12",
                        16
                      ],
                      [
                        "Led 13",
                        17
                      ],
                      [
                        "Led 14",
                        18
                      ],
                      [
                        "Led 15",
                        19
                      ],
                      [
                        "Led 16",
                        20
                      ],
                      [
                        "Led 17",
                        21
                      ],
                      [
                        "Led 18",
                        22
                      ],
                      [
                        "Led 19",
                        23
                      ],
                      [
                        "Led 20",
                        24
                      ],
                      [
                        "Led 21",
                        25
                      ],
                      [
                        "Led 22",
                        26
                      ],
                      [
                        "Led 23",
                        27
                      ],
                      [
                        "Led 24",
                        28
                      ],
                      [
                        "Led 25",
                        29
                      ],
                      [
                        "Led 26",
                        30
                      ],
                      [
                        "Led 27",
                        31
                      ],
                      [
                        "Led 28",
                        32
                      ],
                      [
                        "Led 29",
                        33
                      ],
                      [
                        "Led 30",
                        34
                      ],
                      [
                        "Led 31",
                        35
                      ],
                      [
                        "Led 32",
                        36
                      ],
                      [
                        "Led 33",
                        37
                      ],
                      [
                        "Led 34",
                        38
                      ],
                      [
                        "Led 35",
                        39
                      ],
                      [
                        "Led 36",
                        40
                      ],
                      [
                        "Led 37",
                        41
                      ],
                      [
                        "Led 38",
                        42
                      ],
                      [
                        "Led 39",
                        43
                      ],
                      [
                        "Led 40",
                        44
                      ],
                      [
                        "Led 41",
                        45
                      ],
                      [
                        "Led 42",
                        46
                      ],
                      [
                        "Led 43",
                        47
                      ],
                      [
                        "Led 44",
                        48
                      ],
                      [
                        "Led 45",
                        49
                      ],
                      [
                        "Led 46",
                        50
                      ],
                      [
                        "Led 47",
                        51
                      ],
                      [
                        "Led 48",
                        52
                      ],
                      [
                        "Led 49",
                        53
                      ],
                      [
                        "Led 50",
                        54
                      ],
                      [
                        "Led 51",
                        55
                      ],
                      [
                        "Led 52",
                        56
                      ],
                      [
                        "Led 53",
                        57
                      ],
                      [
                        "Led 54",
                        58
                      ],
                      [
                        "Led 55",
                        59
                      ],
                      [
                        "Led 56",
                        60
                      ],
                      [
                        "Led 57",
                        61
                      ],
                      [
                        "Led 58",
                        62
                      ],
                      [
                        "Led 59",
                        63
                      ],
                      [
                        "Led 60",
                        64
                      ],
                      [
                        "Led 61",
                        65
                      ],
                      [
                        "Led 62",
                        66
                      ],
                      [
                        "Led 63",
                        67
                      ],
                      [
                        "Led 64",
                        68
                      ],
                      [
                        "Led 65",
                        69
                      ]
                      ,
                      [
                        "Led 62",
                        66
                      ],
                      [
                        "Led 63",
                        67
                      ],
                      [
                        "Led 64",
                        68
                      ],
                      [
                        "Led 65",
                        69
                      ],
                      [
                        "Led 66",
                        70
                      ],
                      [
                        "Led 67",
                        71
                      ],
                      [
                        "Led 68",
                        72
                      ],
                      [
                        "Led 69",
                        73
                      ],
                      [
                        "Led 70",
                        74
                      ],
                      [
                        "Led 71",
                        75
                      ]
                      ,
                      [
                        "Led 72",
                        76
                      ],
                      [
                        "Led 73",
                        77
                      ],
                      [
                        "Led 74",
                        78
                      ],
                      [
                        "Led 75",
                        79
                      ]
                    ]
                  },
                  {
                    "showIf": "{id_rgb_indicators_effect0} != 0",
                    "label": "Num Lock Color",
                    "type": "color",
                    "content": [
                      "id_rgb_indicators_color[0]",
                      6,
                      4,
                      0
                    ]
                  },
                  {
                    "showIf": "{id_rgb_indicators_effect2} != 0",
                    "label": "Scroll Lock Brightness",
                    "type": "range",
                    "options": [
                      0,
                      255
                    ],
                    "content": [
                      "id_rgb_indicators_brightness[2]",
                      6,
                      2,
                      2
                    ]
                  },
                  {
                    "label": "Scroll Lock Effect",
                    "type": "dropdown",
                    "content": [
                      "id_rgb_indicators_effect2",
                      6,
                      3,
                      2
                    ],
                    "options": [
                      [
                        "All Off",
                        0
                      ],
                      [
                        "Solid Color",
                        1
                      ],
                      [
                        "Breathing",
                        2
                      ],
                      [
                        "Cycle Breathing",
                        3
                      ],
                      [
                        "Cycle All",
                        4
                      ],
                      [
                        "Twinkle",
                        5
                      ],
                      [
                        "Random Color",
                        6
                      ]
                    ]
                  },
                  {
                    "showIf": "{id_rgb_indicators_effect2} != 0",
                    "label": "Scroll Lock Led",
                    "type": "dropdown",
                    "content": [
                      "id_rgb_indicators_led[2]",
                      6,
                      5,
                      2
                    ],
                    "options": [
                      [
                        "All Led",
                        0
                      ],
                      [
                        "Backlight",
                        1
                      ],
                      [
                        "Underglow",
                        2
                      ],
                      [
                        "Led 0",
                        4
                      ],
                      [
                        "Led 1",
                        5
                      ],
                      [
                        "Led 2",
                        6
                      ],
                      [
                        "Led 3",
                        7
                      ],
                      [
                        "Led 4",
                        8
                      ],
                      [
                        "Led 5",
                        9
                      ],
                      [
                        "Led 6",
                        10
                      ],
                      [
                        "Led 7",
                        11
                      ],
                      [
                        "Led 8",
                        12
                      ],
                      [
                        "Led 9",
                        13
                      ],
                      [
                        "Led 10",
                        14
                      ],
                      [
                        "Led 11",
                        15
                      ],
                      [
                        "Led 12",
                        16
                      ],
                      [
                        "Led 13",
                        17
                      ],
                      [
                        "Led 14",
                        18
                      ],
                      [
                        "Led 15",
                        19
                      ],
                      [
                        "Led 16",
                        20
                      ],
                      [
                        "Led 17",
                        21
                      ],
                      [
                        "Led 18",
                        22
                      ],
                      [
                        "Led 19",
                        23
                      ],
                      [
                        "Led 20",
                        24
                      ],
                      [
                        "Led 21",
                        25
                      ],
                      [
                        "Led 22",
                        26
                      ],
                      [
                        "Led 23",
                        27
                      ],
                      [
                        "Led 24",
                        28
                      ],
                      [
                        "Led 25",
                        29
                      ],
                      [
                        "Led 26",
                        30
                      ],
                      [
                        "Led 27",
                        31
                      ],
                      [
                        "Led 28",
                        32
                      ],
                      [
                        "Led 29",
                        33
                      ],
                      [
                        "Led 30",
                        34
                      ],
                      [
                        "Led 31",
                        35
                      ],
                      [
                        "Led 32",
                        36
                      ],
                      [
                        "Led 33",
                        37
                      ],
                      [
                        "Led 34",
                        38
                      ],
                      [
                        "Led 35",
                        39
                      ],
                      [
                        "Led 36",
                        40
                      ],
                      [
                        "Led 37",
                        41
                      ],
                      [
                        "Led 38",
                        42
                      ],
                      [
                        "Led 39",
                        43
                      ],
                      [
                        "Led 40",
                        44
                      ],
                      [
                        "Led 41",
                        45
                      ],
                      [
                        "Led 42",
                        46
                      ],
                      [
                        "Led 43",
                        47
                      ],
                      [
                        "Led 44",
                        48
                      ],
                      [
                        "Led 45",
                        49
                      ],
                      [
                        "Led 46",
                        50
                      ],
                      [
                        "Led 47",
                        51
                      ],
                      [
                        "Led 48",
                        52
                      ],
                      [
                        "Led 49",
                        53
                      ],
                      [
                        "Led 50",
                        54
                      ],
                      [
                        "Led 51",
                        55
                      ],
                      [
                        "Led 52",
                        56
                      ],
                      [
                        "Led 53",
                        57
                      ],
                      [
                        "Led 54",
                        58
                      ],
                      [
                        "Led 55",
                        59
                      ],
                      [
                        "Led 56",
                        60
                      ],
                      [
                        "Led 57",
                        61
                      ],
                      [
                        "Led 58",
                        62
                      ],
                      [
                        "Led 59",
                        63
                      ],
                      [
                        "Led 60",
                        64
                      ],
                      [
                        "Led 61",
                        65
                      ],
                      [
                        "Led 62",
                        66
                      ],
                      [
                        "Led 63",
                        67
                      ],
                      [
                        "Led 64",
                        68
                      ],
                      [
                        "Led 65",
                        69
                      ]
                      ,
                      [
                        "Led 62",
                        66
                      ],
                      [
                        "Led 63",
                        67
                      ],
                      [
                        "Led 64",
                        68
                      ],
                      [
                        "Led 65",
                        69
                      ],
                      [
                        "Led 66",
                        70
                      ],
                      [
                        "Led 67",
                        71
                      ],
                      [
                        "Led 68",
                        72
                      ],
                      [
                        "Led 69",
                        73
                      ],
                      [
                        "Led 70",
                        74
                      ],
                      [
                        "Led 71",
                        75
                      ]
                      ,
                      [
                        "Led 72",
                        76
                      ],
                      [
                        "Led 73",
                        77
                      ],
                      [
                        "Led 74",
                        78
                      ],
                      [
                        "Led 75",
                        79
                      ]
                    ]
                  },
                  {
                    "showIf": "{id_rgb_indicators_effect2} != 0",
                    "label": "Scroll Lock Color",
                    "type": "color",
                    "content": [
                      "id_rgb_indicators_color[2]",
                      6,
                      4,
                      2
                    ]
                  }
                ]
              }
            ]
          }
    ],
	"matrix": {"rows": 6,"cols": 15},
    "customKeycodes": [
        {
          "name": "Underglow\nRGB\nToggle",
          "title": "Underglow RGB Toggle",
          "shortName": "UGRGB Tog"
        },
        {
          "name": "Key\nRGB\nToggle",
          "title": "Key RGB Toggle",
          "shortName": "KeyRGB\nTog"
        },
        {
          "name": "Underglow\nRGB\nMode\nSync",
          "title": "Underglow RGB Mode Sync With Key RGB Mode",
          "shortName": "UGRGB\nMODS"
        },
        {
          "name": "Underglow\nRGB\nMode+",
          "title": "Underglow RGB Mode Step",
          "shortName": "UGRGB\nMOD+"
        },
        {
          "name": "Underglow\nRGB\nMode-",
          "title": "Underglow RGB Mode Step Reverse",
          "shortName": "UGRGB\nMOD-"
        }
      ],
	"layouts": {
        "labels": [
            "ISO Enter",
            [
                "Bottom Row",
                "6.25U",
                "7U Single blocker",
                "7U double blocker"
            ]
        ],
		"keymap": [
            ["0,0",{"x":0.5},"0,2","0,3","0,4","0,5",{"x":0.5},"0,6","0,7","0,8","0,9",{"x":0.5},"0,10","0,11","0,12","0,13",{"x":0.5},"0,14"],
            [{"y":0.25},"1,0","1,1","1,2","1,3","1,4","1,5","1,6","1,7","1,8","1,9","1,10","1,11","1,12",{"w":2},"1,13","1,14"],
            [{"w":1.5},"2,0","2,1","2,2","2,3","2,4","2,5","2,6","2,7","2,8","2,9","2,10","2,11","2,12",{"w":1.5},"2,13\n\n\n0,0","2,14",{"x":-0.75,"w":1.25,"h":2,"w2":1.5,"h2":1,"x2":-0.25},"3,13\n\n\n0,1"],
            [{"w":1.75},"3,0","3,1","3,2","3,3","3,4","3,5","3,6","3,7","3,8","3,9","3,10","3,11",{"w":2.25},"3,13\n\n\n0,0",{"x":-0.75},"2,13\n\n\n0,1",{"x":-0.25},"3,14"],
            [{"w":2.25},"4,0","4,2","4,3","4,4","4,5","4,6","4,7","4,8","4,9","4,10","4,11",{"w":1.75},"4,12","4,13"],
            [{"w":1.25},"5,0\n\n\n1,0",{"w":1.25},"5,1\n\n\n1,0",{"w":1.25},"5,2\n\n\n1,0",{"w":6.25},"5,6\n\n\n1,0",{"w":1.25},"5,10\n\n\n1,0",{"w":1.25},"5,11\n\n\n1,0",{"x":0.5},"5,12","5,13","5,14"],
            [{"w":1.5},"5,0\n\n\n1,1","5,1\n\n\n1,1",{"w":1.5},"5,2\n\n\n1,1",{"w":7},"5,6\n\n\n1,1",{"w":1.5},"5,11\n\n\n1,1"],
            [{"w":1.5},"5,0\n\n\n1,2",{"w":1.5},"5,1\n\n\n1,2",{"x":0.5},"5,2\n\n\n1,2",{"w":7},"5,6\n\n\n1,2","5,11\n\n\n1,2"]

        ]
	}
}
