{
	"name": "TB65F",
	"vendorId": "0x36B0",
	"productId": "0x3030",
	"keycodes": ["qmk_lighting"],
	"menus":
	[
		{
			"label": "Lighting",
			"content":
			[
				{
					"label": "logo",
					"content":
					[
						{
							"showIf": "{id_qmk_rgblight_effect} != 0",
							"label": "Brightness",
							"type": "range",
							"options": [0, 160],
							"content": ["id_qmk_rgblight_brightness", 2, 1]
						},
						{
							"label": "Effect",
							"type": "dropdown",
							"content": ["id_qmk_rgblight_effect", 2, 2],
							"options":
							[
								[ "none", 0 ],
								[ "wave", 1 ],
								[ "fixed wave", 2 ],
								[ "spectrum", 3 ],
								[ "breathe", 4 ],
								[ "light", 5 ],
								[ "shutdown",6 ]
							]
						},
						{
							"showIf": "{id_qmk_rgblight_effect} != 0",
							"label": "Effect Speed",
							"type": "range",
							"options": [0, 4],
							"content": ["id_qmk_rgblight_effect_speed", 2, 3]
						},
						{
							"showIf": "{id_qmk_rgblight_effect} != 0 && {id_qmk_rgblight_effect} != 1 && {id_qmk_rgblight_effect} != 3 && {id_qmk_rgblight_effect} != 6",
							"label": "Color",
							"type": "color",
							"content": ["id_qmk_rgblight_color", 2, 4]
						}
					]
				},

                {
					"label": "side",
					"content":
					[
						{
							"showIf": "{id_qmk_audio_effect} != 0",
							"label": "Brightness",
							"type": "range",
							"options": [0, 160],
							"content": ["id_qmk_audio_brightness", 4, 1]
						},
						{
							"label": "Effect",
							"type": "dropdown",
							"content": ["id_qmk_audio_effect", 4, 2],
							"options":
							[
								[ "none", 0 ],
								[ "wave", 1 ],
								[ "fixed wave", 2 ],
								[ "spectrum", 3 ],
								[ "breathe", 4 ],
								[ "light", 5 ],
								[ "shutdown",6 ]
							]
						},
						{
							"showIf": "{id_qmk_audio_effect} != 0",
							"label": "Effect Speed",
							"type": "range",
							"options": [0, 4],
							"content": ["id_qmk_audio_effect_speed", 4, 3]
						},
						{
							"showIf": "{id_qmk_audio_effect} != 0 && {id_qmk_audio_effect} != 1 && {id_qmk_audio_effect} != 3 && {id_qmk_audio_effect} != 6",
							"label": "Color",
							"type": "color",
							"content": ["id_qmk_audio_color", 4, 4]
						}
					]
				}
			]
		}
	],
	"customKeycodes": [
		{"name": "2.4G",     "title": "Set to 2.4G working mode",                "shortName": "MD_24G"   },
		{"name": "BLE1",     "title": "Set to Bluetooth Channel 1 working mode", "shortName": "MD_BLE1"  },
		{"name": "BLE2",     "title": "Set to Bluetooth Channel 2 working mode", "shortName": "MD_BLE2"  },
		{"name": "BLE3",     "title": "Set to Bluetooth Channel 3 working mode", "shortName": "MD_BLE3"  },
		{"name": "USB",	     "title": "Set to USB working mode",                 "shortName": "MD_USB"   },
		{"name": "BAT",      "title": "Querying Battery Status",                 "shortName": "QK_BAT"   },
		{"name": "WLO",      "title": "Lock WIN",                                "shortName": "QK_WLO"   },
		{"name": "SIX_N",    "title": "Full-key six-key switch",                 "shortName": "SIX_N"    },
		{"name": "WI_RA",    "title": "Wired wireless switching",                "shortName": "WI_RA"    },
		{"name": "FN_M",     "title": "Switch multimedia function keys",         "shortName": "FN_M_MODE"},
		{"name": "RTOG",     "title": "Toggle led lighting on or off",           "shortName": "RGB_RTOG" },
		{"name": "IOS_SIRI", "title": "Outgoing SIRI",                           "shortName": "SIRI"     },
        {"name": "U_EE_CLR", "title": "Customize the reset button",              "shortName": "U_EE_CLR" },
		{"name": "LG_TOG",   "title": "Toggle logo lighting on or off",          "shortName": "LG_TOG"   },
		{"name": "LG_MO",    "title": "Cycle through modes",                     "shortName": "LG_MOD"   },
		{"name": "LG_RM",    "title": "Cycle through modes in reverse",          "shortName": "LG_RMOD"  },
		{"name": "LG_HUI",   "title": "logo Increase hue",                       "shortName": "LG_HUI"   },
		{"name": "LG_HUD",   "title": "logo Decrease hue",                       "shortName": "LG_HUD"   },
		{"name": "LG_SAI",   "title": "logo Increase saturation",                "shortName": "LG_SAI"   },
		{"name": "LG_SAD",   "title": "logo Decrease saturation",                "shortName": "LG_SAD"   },
		{"name": "LG_VAI",   "title": "logo Increase value (brightness)",        "shortName": "LG_VAI"   },
		{"name": "LG_VAD",   "title": "logo Decrease value (brightness)",        "shortName": "LG_VAD"   },
		{"name": "LG_SPI",   "title": "logo Increase effect speed",              "shortName": "LG_SPI"   },
		{"name": "LG_SPD",   "title": "logo Decrease effect speed",              "shortName": "LG_SPD"   },
        {"name": "SI_TOG",   "title": "Toggle side lighting on or off",          "shortName": "SI_TOG"   },
		{"name": "SI_MO",    "title": "side Cycle through modes",                "shortName": "SI_MOD"   },
		{"name": "SI_RM",    "title": "side Cycle through modes in reverse",     "shortName": "SI_RMOD"  },
		{"name": "SI_HUI",   "title": "side Increase hue",                       "shortName": "SI_HUI"   },
		{"name": "SI_HUD",   "title": "side Decrease hue",                       "shortName": "SI_HUD"   },
		{"name": "SI_SAI",   "title": "side Increase saturation",                "shortName": "SI_SAI"   },
		{"name": "SI_SAD",   "title": "side Decrease saturation",                "shortName": "SI_SAD"   },
		{"name": "SI_VAI",   "title": "side Increase value (brightness)",        "shortName": "SI_VAI"   },
		{"name": "SI_VAD",   "title": "side Decrease value (brightness)",        "shortName": "SI_VAD"   },
		{"name": "SI_SPI",   "title": "side Increase effect speed",              "shortName": "SI_SPI"   },
		{"name": "SI_SPD",   "title": "side Decrease effect speed",              "shortName": "SI_SPD"   }
	],
	"matrix": { "rows": 9, "cols": 16 },
    "layouts": {
        "labels": [
            "Back Space",
            "Caps Lock",
			"ISO Enter",
            "Split Left Shift"
		],
		"keymap": [
			[
				{ "c":"#777777" },
				{ "w":1.0,  "h":1.0,  "x":0.0 },  "0,0",
                { "c":"#aaaaaa" },
				{ "w":1.0,  "h":1.0,  "x":0.0 },  "1,1",
				{ "w":1.0,  "h":1.0,  "x":0.0 },  "1,2",
				{ "w":1.0,  "h":1.0,  "x":0.0 },  "1,3",
				{ "w":1.0,  "h":1.0,  "x":0.0 },  "1,4",
				{ "w":1.0,  "h":1.0,  "x":0.0 },  "1,5",
				{ "w":1.0,  "h":1.0,  "x":0.0 },  "1,6",
				{ "w":1.0,  "h":1.0,  "x":0.0 },  "1,7",
				{ "w":1.0,  "h":1.0,  "x":0.0 },  "1,8",
				{ "w":1.0,  "h":1.0,  "x":0.0 },  "1,9",
				{ "w":1.0,  "h":1.0,  "x":0.0 },  "1,10",
				{ "w":1.0,  "h":1.0,  "x":0.0 },  "1,11",
				{ "w":1.0,  "h":1.0,  "x":0.0 },  "1,12",
				{ "w":1.0,  "h":1.0,  "x":0.0 },  "5,12\n\n\n0,1",
				{ "w":1.0,  "h":1.0,  "x":0.0 },  "1,13\n\n\n0,1",
				{ "w":2.0,  "h":1.0,  "x":-2.0},  "1,13\n\n\n0,0",
				{ "w":1.0,  "h":1.0,  "x":0.0 },  "1,14"
			],
			[
                { "c":"#aaaaaa" },
				{ "w":1.5,  "h":1.0,  "x":0.0 },  "2,0",
                { "c":"#cccccc" },
				{ "w":1.0,  "h":1.0,  "x":0.0 },  "2,1",
				{ "w":1.0,  "h":1.0,  "x":0.0 },  "2,2",
				{ "w":1.0,  "h":1.0,  "x":0.0 },  "2,3",
				{ "w":1.0,  "h":1.0,  "x":0.0 },  "2,4",
				{ "w":1.0,  "h":1.0,  "x":0.0 },  "2,5",
				{ "w":1.0,  "h":1.0,  "x":0.0 },  "2,6",
				{ "w":1.0,  "h":1.0,  "x":0.0 },  "2,7",
				{ "w":1.0,  "h":1.0,  "x":0.0 },  "2,8",
				{ "w":1.0,  "h":1.0,  "x":0.0 },  "2,9",
				{ "w":1.0,  "h":1.0,  "x":0.0 },  "2,10",
				{ "w":1.0,  "h":1.0,  "x":0.0 },  "2,11",
				{ "w":1.0,  "h":1.0,  "x":0.0 },  "2,12",
				{ "w":1.25, "h":2.0,  "x":-1.25,  "w2":1.5, "h2":1.0, "x2":0.0},  "4,12\n\n\n2,1",
				{ "w":1.5,  "h":1.0,  "x":0.0 },  "2,13\n\n\n2,0",
                { "c":"#aaaaaa" },
				{ "w":1.0,  "h":1.0,  "x":0.0 },  "2,14",
                { "y":1.0 },
				{ "w":1.0,  "h":0.66, "x":-1.0},  "6,0",
                { "y":-1.0 }
			],
			[
                { "c":"#aaaaaa" },
				{ "w":1.75, "h":1.0,  "x":0.0 },  "3,0\n\n\n1,0",
				{ "w":1.5, "h":1.0,   "x":-1.5},  "5,3\n\n\n1,1",
                { "c":"#cccccc" },
				{ "w":1.0,  "h":1.0,  "x":0.0 },  "3,1",
				{ "w":1.0,  "h":1.0,  "x":0.0 },  "3,2",
				{ "w":1.0,  "h":1.0,  "x":0.0 },  "3,3",
				{ "w":1.0,  "h":1.0,  "x":0.0 },  "3,4",
				{ "w":1.0,  "h":1.0,  "x":0.0 },  "3,5",
				{ "w":1.0,  "h":1.0,  "x":0.0 },  "3,6",
				{ "w":1.0,  "h":1.0,  "x":0.0 },  "3,7",
				{ "w":1.0,  "h":1.0,  "x":0.0 },  "3,8",
				{ "w":1.0,  "h":1.0,  "x":0.0 },  "3,9",
				{ "w":1.0,  "h":1.0,  "x":0.0 },  "3,10",
				{ "w":1.0,  "h":1.0,  "x":0.0 },  "3,11",
                { "c":"#777777" },
				{ "w":1.0,  "h":1.0,  "x":-1.25}, "3,12\n\n\n2,1",
                { "c":"#777777" },
				{ "w":2.25, "h":1.0,  "x":0.25 }, "3,13\n\n\n2,0",
                { "y":0.66 },
                { "c":"#aaaaaa" },
                { "w":1.0,  "h":0.66, "x":0.0 },  "7,0",
                { "y":-0.66 }
			],
			[
                { "w":2.25, "h":1.0,  "x":0.0 },  "4,0\n\n\n3,0",
                { "w":1.25, "h":1.0,  "x":0.0 },  "4,0\n\n\n3,1",
                { "w":1.0,  "h":1.0,  "x":0.0 },  "4,1\n\n\n3,1",
                { "c":"#cccccc" },
				{ "w":1.0,  "h":1.0,  "x":-2.25}, "4,2",
				{ "w":1.0,  "h":1.0,  "x":0.0 },  "4,3",
				{ "w":1.0,  "h":1.0,  "x":0.0 },  "4,4",
				{ "w":1.0,  "h":1.0,  "x":0.0 },  "4,5",
				{ "w":1.0,  "h":1.0,  "x":0.0 },  "4,6",
				{ "w":1.0,  "h":1.0,  "x":0.0 },  "4,7",
				{ "w":1.0,  "h":1.0,  "x":0.0 },  "4,8",
				{ "w":1.0,  "h":1.0,  "x":0.0 },  "4,9",
				{ "w":1.0,  "h":1.0,  "x":0.0 },  "4,10",
				{ "w":1.0,  "h":1.0,  "x":0.0 },  "4,11",
                { "c":"#aaaaaa" },
                { "w":1.75, "h":1.0,  "x":0.0 },  "4,13",
                { "c":"#777777" },
				{ "w":1.0,  "h":1.0,  "x":0.0 },  "4,14",
                { "y":0.35 },
                { "c":"#aaaaaa" },
                { "w":1.0,  "h":0.66, "x":0.0 },  "8,0",
                { "y":-0.35 }
			],
			[
				{ "w":1.25,	"h":1.0,  "x":0.0 },  "5,0",
				{ "w":1.25,	"h":1.0,  "x":0.0 },  "5,1",
				{ "w":1.25,	"h":1.0,  "x":0.0 },  "5,2",
                { "c":"#cccccc" },
				{ "w":6.25,	"h":1.0,  "x":0.0 },  "5,5",
                { "c":"#aaaaaa" },
				{ "w":1.25,	"h":1.0,  "x":0.0 },  "5,9",
				{ "w":1.25,	"h":1.0,  "x":0.0 },  "5,10",
				{ "c":"#777777" },
				{ "w":1.0,	"h":1.0,  "x":0.5 },  "5,13",
				{ "w":1.0,	"h":1.0,  "x":0.0 },  "5,14",
				{ "w":1.0,	"h":1.0,  "x":0.0 },  "5,15"
			]
		]
	}
}


