{
    "name": "LGK_EasyLink",
    "vendorId": "0x0C582",
    "productId": "0x0000",
    "lighting": {
      "extends": "none"
    },
    "matrix": { "rows": 16, "cols": 16 },
    "layouts": {
      "keymap": [
           ["2,9",{"x":1},"3,10", "3,11", "3,12", "3,13", {"x":0.5},"3,14", "3,15", "4,0", "4,1",{"x":0.5}, "4,2", "4,3", "4,4", "4,5",{"x":0.25},"4,6", "4,7", "4,8",{"x":0.25},"10,10","10,9","10,8","10,5"],
           [{"y":0.25},"3,5","1,14", "1,15", "2,0", "2,1", "2,2", "2,3", "2,4", "2,5", "2,6", "2,7", "2,13", "2,14",{"w":2},"2,10", {"x":0.25},"4,9", "4,10","4,11",{"x":0.25},"5,3","5,4","5,5","5,6","11,5","11,2"],
           [{"w":1.5},"2,11","1,4", "1,10", "0,8", "1,5", "1,7", "1,12", "1,8", "0,12", "1,2", "1,3", "2,15", "3,0",{"w":1.5},"3,1",{"x":0.25},"4,12", "4,13", "4,14",{"x":0.25},"5,15","6,0","6,1",{"h":2},"5,7","11,6","11,7"],
           [{"w":1.75},"3,9","0,4", "1,6", "0,7", "0,9", "0,10", "0,11", "0,13", "0,14", "0,15", "3,3", "3,4",{"w":2.25},"2,8",{"x":3.5},"5,12","5,13", "5,14", {"x":1},"10,12","11,1"],
           [{"w":2.25},"14,1","1,13", "1,11", "0,6", "1,9", "0,5", "1,1", "1,0", "3,6", "3,7", "3,8", {"w":2.75},"14,5",{"x":1.25},"5,2",{"x":1.25},"5,9", "5,10","5,11",{"h":2},"6,7","10,14","10,6"],
           [{"w":1.25},"14,0",{"w":1.25},"14,3",{"w":1.25},"14,2", {"w":6.25},"2,12", {"w":1.25},"14,6", {"w":1.25},"14,7", {"w":1.25},"6,5", {"w":1.25},"14,4", {"x":0.25},"5,0", "5,1","4,15",{"x":0.25},{"w":2},"6,2", "6,3", {"x":1},"10,11","10,7"]
      ]
    }
  }
