{
  "name": "Tree80_R2",
  "vendorId": "0x0314",
  "productId": "0xAA30",
  "matrix": {
    "rows": 6,
    "cols": 17
  },
  "keycodes": ["qmk_lighting"],
  "menus":    ["qmk_rgblight"],
  "layouts": {
    "presets": {"default": [0, 0, 0]},
    "labels": [
      "\u0049\u0053\u004f\u0020\u0045\u006e\u0074\u0065\u0072\u0028\u4e03\u5b57\u56de\u8f66\u0029",
      ["\u0053\u0070\u0061\u0063\u0065\u0028\u7a7a\u683c\u0029", "\u0036\u002e\u0032\u0035\u0055\u0020\u4e0d\u5206\u88c2\u0020\u0028\u0036\u002e\u0032\u0035\u0055\u0020\u004e\u006f\u006e\u002d\u0053\u0070\u006c\u0069\u0074\u0029", "\u0037\u0055", "\u0036\u002e\u0032\u0035\u0055\u0020\u0053\u0070\u006c\u0069\u0074\u0020\u0053\u0070\u0061\u0063\u0065\u0020\u0032\u002e\u0032\u0035\u0055\u002b\u0031\u002e\u0032\u0035\u0055\u002b\u0032\u002e\u0037\u0035\u0055\u0020\u0028\u0036\u002e\u0032\u0035\u0055\u0020\u5206\u88c2\u7a7a\u683c\u0020\u0032\u002e\u0032\u0035\u0055\u002b\u0031\u002e\u0032\u0035\u0055\u002b\u0032\u002e\u0037\u0035\u0055\u0029"]
    ],
    "keymap": [
      [
        "0,0",
        {
          "x":1
        },
        "0,2",
        "0,3",
        "0,4",
        "0,5",
        {
          "x": 0.5
        },
        "0,6",
        "0,7",
        "0,8",
        "0,9",
        {
          "x": 0.5
        },
        "0,10",
        "0,11",
        "0,12",
        "0,13",
        {
          "x": 0.25
        },
        "0,14",
        "0,15",
        "0,16"
      ],
      [
        {
          "y": 0.5
        },
        "1,0",
        "1,1",
        "1,2",
        "1,3",
        "1,4",
        "1,5",
        "1,6",
        "1,7",
        "1,8",
        "1,9",
        "1,10",
        "1,11",
        "1,12",
        {"w": 2},
        "1,13",
        {"x": 0.25},
        "1,14",
        "1,15",
        "1,16"
      ],
      [
        {"w": 1.5},
        "2,0",
        "2,1",
        "2,2",
        "2,3",
        "2,4",
        "2,5",
        "2,6",
        "2,7",
        "2,8",
        "2,9",
        "2,10",
        "2,11",
        "2,12",
        {"w":1.5},
        "2,13\n\n\n0,0",
        {
          "x": 1.25,
          "w": 1.25,
          "h": 2,
          "w2": 1.5,
          "h2": 1,
          "x2": -0.25
        },
        "3,12\n\n\n0,1",
        {
          "x": -2.25
        },
        "2,14",
        "2,15",
        "2,16"
      ],
      [
        {"w": 1.75},
        "3,0",
        "3,1",
        "3,2",
        "3,3",
        "3,4",
        "3,5",
        "3,6",
        "3,7",
        "3,8",
        "3,9",
        "3,10",
        "3,11",
        {"w": 2.25},
        "3,12\n\n\n0,0",
        {"x": 0.25},
        "2,13\n\n\n0,1"
      ],
      [
        {"w": 2.25},
        "4,0",
        "4,1",
        "4,2",
        "4,3",
        "4,4",
        "4,5",
        "4,6",
        "4,7",
        "4,8",
        "4,9",
        "4,10",
        {"w": 2.75},
        "4,11",
        {"x": 1.25},
        "4,15" 
      ],
      [
        {"w": 1.25},
        "5,0\n\n\n1,0",
        {"w": 1.25},
        "5,1\n\n\n1,0",
        {"w": 1.25},
        "5,2\n\n\n1,0",
        {"w": 6.25},
        "5,6\n\n\n1,0",
        {"w": 1.25},
        "5,8\n\n\n1,0",
        {"w": 1.25},
        "5,9\n\n\n1,0",
        {"w": 1.25},
        "5,10\n\n\n1,0",
        {"w": 1.25},
        "5,11\n\n\n1,0",
        {"x": 0.25},
        "5,14\n\n\n1,0",
        "5,15\n\n\n1,0",
        "5,16\n\n\n1,0"
      ],
      [
      {"w": 1.5},
      "5,0\n\n\n1,1",
      {"w": 1},
      "5,1\n\n\n1,1",
      {"w": 1.5},
      "5,2\n\n\n1,1",
      {"w": 7},
      "5,6\n\n\n1,1",
      {"w": 1.5},
      "5,8\n\n\n1,1",
      "5,9\n\n\n1,1",
      {"w": 1.5},
      "5,11\n\n\n1,1",
      {"x": 0.25},
      "5,14\n\n\n1,1",
      "5,15\n\n\n1,1",
      "5,16\n\n\n1,1"
      ],
      [
      {"w": 1.25},
      "5,0\n\n\n1,2",
      {"w": 1.25},
      "5,1\n\n\n1,2",
      {"w": 1.25},
      "5,2\n\n\n1,2",
      {"w": 2.25},
      "5,3\n\n\n1,2",
      {"w": 1.25},
      "5,5\n\n\n1,2",
      {"w": 2.75},
      "5,7\n\n\n1,2",
      {"w": 1.25},
      "5,8\n\n\n1,2",
      {"w": 1.25},
      "5,9\n\n\n1,2",
      {"w": 1.25},
      "5,10\n\n\n1,2",
      {"w": 1.25},
      "5,11\n\n\n1,2",
      {"x": 0.25},
      "5,14\n\n\n1,2",
      "5,15\n\n\n1,2",
      "5,16\n\n\n1,2"
    ]
    ]
}
}
