{
  "name": "Matrix8V22",
  "vendorId": "0x4321",
  "productId": "0x0025",
  "keycodes": ["qmk_lighting"],
  "menus": [
    {
      "label": "\u706f\u5149",
      "content": [
        {
          "label": "\u706f\u5149\u5f00\u5173",
          "content": [
            {
              "label": "\u603b\u5f00\u5173",
              "type": "toggle",
              "content": [
                "id_rgb_matrix_toggle[0]",
                5,
                1,
                0
              ]
            },
            {
              "label": "\u5916\u5708\u706f",
              "type": "toggle",
              "content": [
                "id_rgb_matrix_toggle[1]",
                5,
                1,
                1
              ]
            },
            {
              "label": "\u5185\u5708\u706f",
              "type": "toggle",
              "content": [
                "id_rgb_matrix_toggle[2]",
                5,
                1,
                2
              ]
            },
            {
              "label": "\u706f\u5149\u81ea\u52a8\u5173\u95ed\u65f6\u95f4\uff08\u5206\u949f\uff09",
              "type": "dropdown",
              "content": ["id_advanced_magic_rgb_matrix_timeout", 8, 33],
              "options": [
                  ["\u53d6\u6d88\u81ea\u52a8\u5173\u95ed\u706f\u5149", 0], 
                  ["1\u5206\u949f", 1], 
                  ["2\u5206\u949f", 2], 
                  ["3\u5206\u949f", 3], 
                  ["4\u5206\u949f", 4], 
                  ["5\u5206\u949f", 5], 
                  ["6\u5206\u949f", 6], 
                  ["7\u5206\u949f", 7], 
                  ["8\u5206\u949f", 8], 
                  ["9\u5206\u949f", 9], 
                  ["10\u5206\u949f", 10], 
                  ["11\u5206\u949f", 11], 
                  ["12\u5206\u949f", 12], 
                  ["13\u5206\u949f", 13], 
                  ["14\u5206\u949f", 14], 
                  ["15\u5206\u949f", 15], 
                  ["16\u5206\u949f", 16], 
                  ["17\u5206\u949f", 17], 
                  ["18\u5206\u949f", 18], 
                  ["19\u5206\u949f", 19], 
                  ["20\u5206\u949f", 20], 
                  ["21\u5206\u949f", 21], 
                  ["22\u5206\u949f", 22], 
                  ["23\u5206\u949f", 23], 
                  ["24\u5206\u949f", 24], 
                  ["25\u5206\u949f", 25], 
                  ["26\u5206\u949f", 26], 
                  ["27\u5206\u949f", 27], 
                  ["28\u5206\u949f", 28], 
                  ["29\u5206\u949f", 29], 
                  ["30\u5206\u949f", 30], 
                  ["31\u5206\u949f", 31], 
                  ["32\u5206\u949f", 32], 
                  ["33\u5206\u949f", 33], 
                  ["34\u5206\u949f", 34], 
                  ["35\u5206\u949f", 35], 
                  ["36\u5206\u949f", 36], 
                  ["37\u5206\u949f", 37], 
                  ["38\u5206\u949f", 38], 
                  ["39\u5206\u949f", 39], 
                  ["40\u5206\u949f", 40], 
                  ["41\u5206\u949f", 41], 
                  ["42\u5206\u949f", 42], 
                  ["43\u5206\u949f", 43], 
                  ["44\u5206\u949f", 44], 
                  ["45\u5206\u949f", 45], 
                  ["46\u5206\u949f", 46], 
                  ["47\u5206\u949f", 47], 
                  ["48\u5206\u949f", 48], 
                  ["49\u5206\u949f", 49], 
                  ["50\u5206\u949f", 50], 
                  ["51\u5206\u949f", 51], 
                  ["52\u5206\u949f", 52], 
                  ["53\u5206\u949f", 53], 
                  ["54\u5206\u949f", 54], 
                  ["55\u5206\u949f", 55], 
                  ["56\u5206\u949f", 56], 
                  ["57\u5206\u949f", 57], 
                  ["58\u5206\u949f", 58], 
                  ["59\u5206\u949f", 59], 
                  ["60\u5206\u949f", 60]
              ]
            }
          ]
        },
        {
          "label": "\u5916\u5708\u706f",
          "content": [
            {
              "label": "\u4eae\u5ea6",
              "type": "range",
              "options": [
                0,
                255
              ],
              "content": [
                "id_qmk_rgb_matrix_brightness",
                3,
                1
              ]
            },
            {
              "label": "\u706f\u6548",
              "type": "dropdown",
              "content": [
                "id_qmk_rgb_matrix_effect",
                3,
                2
              ],
              "options": [
                "All Off",
                "Solid Color",
                "Gradient Left/Right",
                "Breathing",
                "Band Sat.",
                "Band Val.",
                "Pinwheel Sat.",
                "Pinwheel Val.",
                "Spiral Sat.",
                "Spiral Val.",
                "Cycle All",
                "Cycle Left/Right",
                "Cycle Up/Down",
                "Rainbow Moving Chevron",
                "Cycle Out/In",
                "Cycle Out/In Dual",
                "Cycle Pinwheel",
                "Cycle Spiral",
                "Dual Beacon",
                "Rainbow Beacon",
                "Rainbow Pinwheels",
                "Raindrops",
                "Jellybean Raindrops",
                "Hue Breathing",
                "Hue Pendulum",
                "Hue Wave",
                "Pixel Rain",
                "Pixel Flow"
              ]
            },
            {
              "showIf": "{id_qmk_rgb_matrix_effect} != 0",
              "label": "\u901f\u5ea6",
              "type": "range",
              "options": [
                0,
                255
              ],
              "content": [
                "id_qmk_rgb_matrix_effect_speed",
                3,
                3
              ]
            },
            {
              "showIf": "{id_qmk_rgb_matrix_effect} != 0 && {id_qmk_rgb_matrix_effect} != 24 && {id_qmk_rgb_matrix_effect} != 28 && {id_qmk_rgb_matrix_effect} != 29 && {id_qmk_rgb_matrix_effect} != 32",
              "label": "\u989c\u8272",
              "type": "color",
              "content": [
                "id_qmk_rgb_matrix_color",
                3,
                4
              ]
            }
          ]
        },
        {
          "label": "\u5185\u5708\u706f",
          "content": [
            {
              "showIf": "{id_underglow_rgb_matrix_effect} != 1",
              "label": "\u4eae\u5ea6",
              "type": "range",
              "options": [
                0,
                255
              ],
              "content": [
                "id_underglow_rgb_matrix_brightness",
                5,
                2
              ]
            },
            {
              "label": "\u706f\u6548",
              "type": "dropdown",
              "content": [
                "id_underglow_rgb_matrix_effect",
                5,
                3
              ],
              "options": [
                ["\u540c\u6b65\u8f74\u706f", 1],
                ["\u5355\u8272\u547c\u5438", 2],
                ["\u5faa\u73af\u547c\u5438", 3],
                ["\u5faa\u73af\u6a2a\u5411\u6eda\u52a8", 4], 
                ["\u5faa\u73af\u98ce\u8f66", 5],
                ["\u5f69\u8679\u5faa\u73af", 6],
                ["\u6a2a\u5411\u5f69\u8679", 7],
                ["\u7eb5\u5411\u5f69\u8679", 8],
                ["\u5f69\u8679\u6f29\u6da1", 9],
                ["\u5f69\u8679\u6d9f\u6f2a", 10],
                ["\u5f69\u8679\u98ce\u8f66", 11],
                ["\u5f69\u8679\u87ba\u65cb", 12],
                ["\u53d8\u901f\u6a2a\u5411\u5f69\u8679", 13],
                ["\u53d8\u901f\u5f69\u8679\u98ce\u8f66", 14],
                ["\u53d8\u901f\u5faa\u73af\u547c\u5438", 15],
                ["\u53d8\u901f\u5f69\u8679\u87ba\u65cb", 16],
                ["\u53d8\u901f\u5f69\u8679\u6d9f\u6f2a", 17]
              ]
            },
            {
              "showIf": "{id_underglow_rgb_matrix_effect} != 1",
              "label": "\u901f\u5ea6",
              "type": "range",
              "options": [
                0,
                255
              ],
              "content": [
                "id_underglow_rgb_matrix_effect_speed",
                5,
                4
              ]
            },
            {
              "showIf": "{id_underglow_rgb_matrix_effect} != 1",
              "label": "\u989c\u8272",
              "type": "color",
              "content": [
                "id_underglow_rgb_matrix_color",
                5,
                5
              ]
            }
          ]
        },
        {
          "label": "\u6307\u793a\u706f",
          "content": [
            {
              "label": "\u6307\u793a\u706f\u5e38\u4eae",
              "type": "toggle",
              "content": [
                "id_rgb_indicators_override",
                6,
                1
              ]
            },
            {
              "showIf": "{id_rgb_indicators_effect1} != 0",
              "label": "Caps Lock \u4eae\u5ea6",
              "type": "range",
              "options": [
                0,
                255
              ],
              "content": [
                "id_rgb_indicators_brightness[1]",
                6,
                2,
                1
              ]
            },
            {
              "label": "Caps Lock \u706f\u6548",
              "type": "dropdown",
              "content": [
                "id_rgb_indicators_effect1",
                6,
                3,
                1
              ],
              "options": [
                ["\u5173\u95ed", 0],
                ["\u9759\u6001\u5355\u8272", 1],
                ["\u5355\u8272\u547c\u5438", 2],
                ["\u5faa\u73af\u547c\u5438", 3],
                ["\u5f69\u8679\u5faa\u73af", 4],
                ["\u968f\u673a\u53d8\u6362", 5],
                ["\u968f\u673a\u8272\u5f69", 6]
              ]
            },
            {
              "showIf": "{id_rgb_indicators_effect1} != 0",
              "label": "Caps Lock \u706f\u73e0",
              "type": "dropdown",
              "content": [
                "id_rgb_indicators_led[1]",
                6,
                5,
                1
              ],
              "options": [
                  ["\u5168\u90e8\u706f\u73e0", 0],
                  ["\u5916\u5708\u706f", 1],
                  ["\u5185\u5708\u706f", 2]
              ]
            },
            {
              "showIf": "{id_rgb_indicators_effect1} != 0",
              "label": "Caps Lock \u989c\u8272",
              "type": "color",
              "content": [
                "id_rgb_indicators_color[1]",
                6,
                4,
                1
              ]
            },
            {
              "showIf": "{id_rgb_indicators_effect0} != 0",
              "label": "Num Lock \u4eae\u5ea6",
              "type": "range",
              "options": [
                0,
                255
              ],
              "content": [
                "id_rgb_indicators_brightness[0]",
                6,
                2,
                0
              ]
            },
            {
              "label": "Num Lock \u706f\u6548",
              "type": "dropdown",
              "content": [
                "id_rgb_indicators_effect0",
                6,
                3,
                0
              ],
              "options": [
                ["\u5173\u95ed", 0],
                ["\u9759\u6001\u5355\u8272", 1],
                ["\u5355\u8272\u547c\u5438", 2],
                ["\u5faa\u73af\u547c\u5438", 3],
                ["\u5f69\u8679\u5faa\u73af", 4],
                ["\u968f\u673a\u53d8\u6362", 5],
                ["\u968f\u673a\u8272\u5f69", 6]
              ]
            },
            {
              "showIf": "{id_rgb_indicators_effect0} != 0",
              "label": "Num Lock \u706f\u73e0",
              "type": "dropdown",
              "content": [
                "id_rgb_indicators_led[0]",
                6,
                5,
                0
              ],
              "options": [
                ["\u5168\u90e8\u706f\u73e0", 0],
                  ["\u5916\u5708\u706f", 1],
                  ["\u5185\u5708\u706f", 2]
              ]
            },
            {
              "showIf": "{id_rgb_indicators_effect0} != 0",
              "label": "Num Lock \u989c\u8272",
              "type": "color",
              "content": [
                "id_rgb_indicators_color[0]",
                6,
                4,
                0
              ]
            },
            {
              "showIf": "{id_rgb_indicators_effect2} != 0",
              "label": "Scroll Lock \u4eae\u5ea6",
              "type": "range",
              "options": [
                0,
                255
              ],
              "content": [
                "id_rgb_indicators_brightness[2]",
                6,
                2,
                2
              ]
            },
            {
              "label": "Scroll Lock \u706f\u6548",
              "type": "dropdown",
              "content": [
                "id_rgb_indicators_effect2",
                6,
                3,
                2
              ],
              "options": [
                ["\u5173\u95ed", 0],
        ["\u9759\u6001\u5355\u8272", 1],
        ["\u5355\u8272\u547c\u5438", 2],
        ["\u5faa\u73af\u547c\u5438", 3],
        ["\u5f69\u8679\u5faa\u73af", 4],
        ["\u968f\u673a\u53d8\u6362", 5],
        ["\u968f\u673a\u8272\u5f69", 6]
              ]
            },
            {
              "showIf": "{id_rgb_indicators_effect2} != 0",
              "label": "Scroll Lock Led",
              "type": "dropdown",
              "content": [
                "id_rgb_indicators_led[2]",
                6,
                5,
                2
              ],
              "options": [  
                ["\u5168\u90e8\u706f\u73e0", 0],
                ["\u5916\u5708\u706f", 1],
                ["\u5185\u5708\u706f", 2]]
            },
            {
              "showIf": "{id_rgb_indicators_effect2} != 0",
              "label": "Scroll Lock \u989c\u8272",
              "type": "color",
              "content": [
                "id_rgb_indicators_color[2]",
                6,
                4,
                2
              ]
            },
            {
              "showIf": "{id_rgb_indicators_effect4} != 0",
              "label": "Layer 1 \u4eae\u5ea6",
              "type": "range",
              "options": [
                0,
                255
              ],
              "content": [
                "id_rgb_indicators_brightness[4]",
                6,
                2,
                4
              ]
            },
            {
              "label": "Layer 1 \u706f\u6548",
              "type": "dropdown",
              "content": [
                "id_rgb_indicators_effect4",
                6,
                3,
                4
              ],
              "options": [
                ["\u5173\u95ed", 0],
                ["\u9759\u6001\u5355\u8272", 1],
                ["\u5355\u8272\u547c\u5438", 2],
                ["\u5faa\u73af\u547c\u5438", 3],
                ["\u5f69\u8679\u5faa\u73af", 4],
                ["\u968f\u673a\u53d8\u6362", 5],
                ["\u968f\u673a\u8272\u5f69", 6]
              ]
            },
            {
              "showIf": "{id_rgb_indicators_effect4} != 0",
              "label": "Layer 1 \u706f\u73e0",
              "type": "dropdown",
              "content": [
                "id_rgb_indicators_led[4]",
                6,
                5,
                4
              ],
              "options": [
                ["\u5168\u90e8\u706f\u73e0", 0],
                  ["\u5916\u5708\u706f", 1],
                  ["\u5185\u5708\u706f", 2]
              ]
            },
            {
              "showIf": "{id_rgb_indicators_effect4} != 0",
              "label": "Layer 1 \u989c\u8272",
              "type": "color",
              "content": [
                "id_rgb_indicators_color[4]",
                6,
                4,
                4
              ]
            },
            {
              "showIf": "{id_rgb_indicators_effect5} != 0",
              "label": "Layer 2 \u4eae\u5ea6",
              "type": "range",
              "options": [
                0,
                255
              ],
              "content": [
                "id_rgb_indicators_brightness[5]",
                6,
                2,
                5
              ]
            },
            {
              "label": "Layer 2 \u706f\u6548",
              "type": "dropdown",
              "content": [
                "id_rgb_indicators_effect5",
                6,
                3,
                5
              ],
              "options": [
                ["\u5173\u95ed", 0],
                ["\u9759\u6001\u5355\u8272", 1],
                ["\u5355\u8272\u547c\u5438", 2],
                ["\u5faa\u73af\u547c\u5438", 3],
                ["\u5f69\u8679\u5faa\u73af", 4],
                ["\u968f\u673a\u53d8\u6362", 5],
                ["\u968f\u673a\u8272\u5f69", 6]
              ]
            },
            {
              "showIf": "{id_rgb_indicators_effect5} != 0",
              "label": "Layer 2 \u706f\u73e0",
              "type": "dropdown",
              "content": [
                "id_rgb_indicators_led[5]",
                6,
                5,
                5
              ],
              "options": [
                ["\u5168\u90e8\u706f\u73e0", 0],
                  ["\u5916\u5708\u706f", 1],
                  ["\u5185\u5708\u706f", 2]
              ]
            },
            {
              "showIf": "{id_rgb_indicators_effect5} != 0",
              "label": "Layer 2 \u989c\u8272",
              "type": "color",
              "content": [
                "id_rgb_indicators_color[5]",
                6,
                4,
                5
              ]
            },
            {
              "showIf": "{id_rgb_indicators_effect6} != 0",
              "label": "Layer 3 \u4eae\u5ea6",
              "type": "range",
              "options": [
                0,
                255
              ],
              "content": [
                "id_rgb_indicators_brightness[6]",
                6,
                2,
                6
              ]
            },
            {
              "label": "Layer 3 \u706f\u6548",
              "type": "dropdown",
              "content": [
                "id_rgb_indicators_effect6",
                6,
                3,
                6
              ],
              "options": [
                ["\u5173\u95ed", 0],
                ["\u9759\u6001\u5355\u8272", 1],
                ["\u5355\u8272\u547c\u5438", 2],
                ["\u5faa\u73af\u547c\u5438", 3],
                ["\u5f69\u8679\u5faa\u73af", 4],
                ["\u968f\u673a\u53d8\u6362", 5],
                ["\u968f\u673a\u8272\u5f69", 6]
              ]
            },
            {
              "showIf": "{id_rgb_indicators_effect6} != 0",
              "label": "Layer 3 \u706f\u73e0",
              "type": "dropdown",
              "content": [
                "id_rgb_indicators_led[6]",
                6,
                5,
                6
              ],
              "options": [
                ["\u5168\u90e8\u706f\u73e0", 0],
                  ["\u5916\u5708\u706f", 1],
                  ["\u5185\u5708\u706f", 2]
              ]
            },
            {
              "showIf": "{id_rgb_indicators_effect6} != 0",
              "label": "Layer 3 \u989c\u8272",
              "type": "color",
              "content": [
                "id_rgb_indicators_color[6]",
                6,
                4,
                6
              ]
            }
          ]
        }
      ]
    },
    {
      "label": "Magic\u8bbe\u7f6e",
      "content": [
        {
          "label": "\u952e\u76d8\u8bbe\u7f6e",
          "content": [
            {
              "label": "\u91cd\u7f6e\u5168\u90e8\u8bbe\u7f6e",
              "type": "toggle",
              "content": ["id_advanced_magic_settings_reset", 8, 0]
            },
            {
              "label": "\u6d88\u6296\u65f6\u95f4",
              "type": "dropdown",
              "options": [
                ["0ms", 0],
                ["1ms", 1],
                ["2ms", 2],
                ["3ms", 3],
                ["4ms", 4],
                ["5ms", 5],
                ["6ms", 6],
                ["7ms", 7],
                ["8ms", 8],
                ["9ms", 9],
                ["10ms", 10],
                ["15ms", 15],
                ["20ms", 20],
                ["30ms", 30],
                ["40ms", 40],
                ["50ms", 50],
                ["70ms", 70],
                ["80ms", 80],
                ["90ms", 90],
                ["100ms", 100],
                ["150ms", 150],
                ["200ms", 200],
                ["250ms", 250]               
              ],
              "content": [
                "id_advanced_magic_debounce",
                8,
                1
              ]
            }
          ]
        },
        {
          "label": "Magic\u8bbe\u7f6e",
          "content": [
              {
                  "label": "\u5f00\u542f\u5168\u952e\u65e0\u51b2",
                  "type": "toggle",
                  "content": ["id_magic_nkro", 7, 1]
              },
              {
                  "label": "\u9501\u5b9aGui\u952e",
                  "type": "toggle",
                  "content": ["id_magic_no_gui", 7, 2]
              },
              {
                  "label": "Caps\u952e\u89c6\u4e3aCtrl\u952e",
                  "type": "toggle",
                  "content": ["id_magic_capslock_to_control", 7, 3]
              },
              {
                  "label": "\u4ea4\u6362Ctrl\u548cCaps\u952e",
                  "type": "toggle",
                  "content": ["id_magic_swap_control_capslock", 7, 4]
              },
              {
                  "label": "\u4ea4\u6362ESC\u548cCaps\u952e",
                  "type": "toggle",
                  "content": ["id_magic_swap_escape_capslock", 7, 5]
              },
              {
                  "label": "\u4ea4\u6362LAlt\u548cLGui\u952e",
                  "type": "toggle",
                  "content": ["id_magic_swap_lalt_lgui", 7, 6]
              },
              {
                  "label": "\u4ea4\u6362RAlt\u548cRGui\u952e",
                  "type": "toggle",
                  "content": ["id_magic_swap_ralt_rgui", 7, 7]
              },
              {
                  "label": "\u4ea4\u6362LCtrl\u548cLGui\u952e",
                  "type": "toggle",
                  "content": ["id_magic_swap_lctl_lgui", 7, 8]
              },
              {
                  "label": "\u4ea4\u6362RCtrl\u548cRGui\u952e",
                  "type": "toggle",
                  "content": ["id_magic_swap_rctl_rgui", 7, 9]
              },
              {
                  "label": "\u4ea4\u6362 ` \u548c Esc\u952e",
                  "type": "toggle",
                  "content": ["id_magic_swap_grave_esc", 7, 10]
              },
              {
                  "label": "\u4ea4\u6362 \\ \u548c Backspace\u952e",
                  "type": "toggle",
                  "content": ["id_magic_swap_backslash_backspace", 7, 11]
              },
              {
                  "label": "\u542f\u7528Oneshot",
                  "type": "toggle",
                  "content": ["id_magic_oneshot_enable", 7, 12]
              },
              {
                  "label": "\u542f\u7528\u81ea\u52a8\u6821\u6b63",
                  "type": "toggle",
                  "content": ["id_magic_autocorrect_enable", 7, 13]
              }
          ]
      },
        {
          "label": "Grave Esc\u8bbe\u7f6e",
          "content": [
              {
                  "label": "Alt\u952e\u6309\u4e0b\u65f6\u53d1\u9001Esc\u6309\u952e",
                  "type": "toggle",
                  "content": ["id_advanced_magic_grave_esc_override[0]", 8, 11, 0]
              },
              {
                  "label": "Ctrl\u952e\u6309\u4e0b\u65f6\u53d1\u9001Esc\u6309\u952e",
                  "type": "toggle",
                  "content": ["id_advanced_magic_grave_esc_override[1]", 8, 11, 1]
              },
              {
                  "label": "Gui\u952e\u6309\u4e0b\u65f6\u53d1\u9001Esc\u6309\u952e",
                  "type": "toggle",
                  "content": ["id_advanced_magic_grave_esc_override[2]", 8, 11, 2]
              },
              {
                  "label": "Shift\u952e\u6309\u4e0b\u65f6\u53d1\u9001Esc\u6309\u952e",
                  "type": "toggle",
                  "content": ["id_advanced_magic_grave_esc_override[3]", 8, 11, 3]
              }
          ]
      },
      {
        "label": "\u5355\u51fb\u957f\u6309\u8bbe\u7f6e",
        "content": [
            {
                "label": "\u5141\u8bb8\u5355\u51fb\u89e6\u53d1\u957f\u6309\u5207\u5c42\u952e",
                "type": "toggle",
                "content": ["id_advanced_magic_tap_hold_config[0]", 8, 12, 0]
            },
            {
                "label": "\u957f\u6309\u5207\u5c42\u540e\u65e0\u52a8\u4f5c\u5219\u53d1\u9001\u70b9\u51fb\u952e\u503c",
                "type": "toggle",
                "content": ["id_advanced_magic_tap_hold_config[1]", 8, 12, 1]
            },
            {
                "label": "\u5176\u4ed6\u952e\u6309\u4e0b\u540e\u4fdd\u6301\u5207\u5c42",
                "type": "toggle",
                "content": ["id_advanced_magic_tap_hold_config[2]", 8, 12, 2]
            },
            {
                "label": "\u7b2cN\u6b21\u70b9\u51fb\u89e6\u53d1\u957f\u6309\u529f\u80fd",
                "type": "range",
                "options": [0, 255],
                "content": ["id_advanced_magic_tapping_toggle_times", 8, 13]
            },
            {
                "label": "\u5355\u51fb\u5224\u5b9a\u65f6\u95f4(ms)",
                "type": "range",
                "options": [0, 9999],
                "content": ["id_advanced_magic_tapping_term", 8, 14]
            },
            {
                "label": "\u5feb\u901f\u5355\u51fb\u5224\u5b9a\u65f6\u95f4(ms)",
                "type": "range",
                "options": [0, 9999],
                "content": ["id_advanced_magic_quick_tap_term", 8, 15]
            },
            {
                "label": "\u6309\u4e0b\u4e0e\u91ca\u653e\u952e\u95f4\u5ef6\u8fdf\u65f6\u95f4(ms)",
                "type": "range",
                "options": [0, 9999],
                "content": ["id_advanced_magic_tap_code_delay", 8, 16]
            },
            {
                "label": "Caps\u952e\u6fc0\u6d3b\u5ef6\u8fdf\u65f6\u95f4(ms)",
                "type": "range",
                "options": [0, 9999],
                "content": ["id_advanced_magic_tap_hold_caps_delay", 8, 17]
            }
        ]
    },
        {
          "label": "OneShot\u8bbe\u7f6e",
          "content": [
              {
                  "label": "\u542f\u7528Oneshot",
                  "type": "toggle",
                  "content": ["id_magic_oneshot_enable", 7, 12]
              },
              {
                  "showIf": "{id_magic_oneshot_enable} != 0",
                  "label": "Oneshot\u7684\u6709\u6548\u6309\u952e\u6b21\u6570",
                  "type": "range",
                  "options": [0, 255],
                  "content": ["id_advanced_magic_oneshot_tap_toggle", 8, 20]
              },
              {
                  "showIf": "{id_magic_oneshot_enable} != 0",
                  "label": "Oneshot\u91ca\u653e\u65f6\u95f4",
                  "type": "range",
                  "options": [0, 9999],
                  "content": ["id_advanced_magic_oneshot_timeout", 8, 21]
              }
          ]
      },
      {
        "label": "\u81ea\u52a8Shift\u8bbe\u7f6e",
        "content": [
            {
                "label": "\u542f\u7528\u81ea\u52a8Shift",
                "type": "toggle",
                "content": ["id_advanced_magic_auto_shift_config0", 8, 18, 0]
            },
            {
                "showIf": "{id_advanced_magic_auto_shift_config0} != 0",
                "label": "\u4fee\u9970\u952e\u542f\u7528",
                "type": "toggle",
                "content": ["id_advanced_magic_auto_shift_config[1]", 8, 18, 1]
            },
            {
                "showIf": "{id_advanced_magic_auto_shift_config0} != 0",
                "label": "\u5b57\u6bcd\u952e\u4e0d\u542f\u7528",
                "type": "toggle",
                "content": ["id_advanced_magic_auto_shift_config[2]", 8, 18, 2]
            },
            {
                "showIf": "{id_advanced_magic_auto_shift_config0} != 0",
                "label": "\u6570\u5b57\u952e\u4e0d\u542f\u7528",
                "type": "toggle",
                "content": ["id_advanced_magic_auto_shift_config[3]", 8, 18, 3]
            },
            {
                "showIf": "{id_advanced_magic_auto_shift_config0} != 0",
                "label": "\u7b26\u53f7\u952e\u4e0d\u542f\u7528",
                "type": "toggle",
                "content": ["id_advanced_magic_auto_shift_config[4]", 8, 18, 4]
            },
            {
                "showIf": "{id_advanced_magic_auto_shift_config0} != 0",
                "label": "\u542f\u7528\u957f\u6309\u529f\u80fd",
                "type": "toggle",
                "content": ["id_advanced_magic_auto_shift_config[5]", 8, 18, 5]
            },
            {
                "showIf": "{id_advanced_magic_auto_shift_config0} != 0",
                "label": "\u89e6\u53d1\u540e\u5173\u95ed\u957f\u6309\u529f\u80fd",
                "type": "toggle",
                "content": [
                    "id_advanced_magic_auto_shift_config[6]", 8, 18, 6]
            },
            {
                "showIf": "{id_advanced_magic_auto_shift_config0} != 0",
                "label": "\u81ea\u52a8Shift\u89e6\u53d1\u65f6\u95f4(ms)",
                "type": "range",
                "options": [0, 9999],
                "content": ["id_advanced_magic_auto_shift_timeout", 8, 17]
            },
            {
              "showIf": "{id_advanced_magic_auto_shift_config0} != 0",
              "label": "\u0054\u0041\u0042\u952e\u4e0d\u542f\u7528",
              "type": "toggle",
              "content": ["id_advanced_magic_auto_shift_config[7]", 8, 18, 7]
            }


        ]
    },
    {
      "label": "\u7ec4\u5408\u952e\u8bbe\u7f6e",
      "content": [
          {
              "label": "\u542f\u7528\u7ec4\u5408\u952e",
              "type": "toggle",
              "content": ["id_advanced_magic_combo_config0", 8, 22, 0]
          },
          {
              "showIf": "{id_advanced_magic_combo_config0} != 0",
              "label": "\u7ec4\u5408\u952e\u5728\u70b9\u51fb\u6216\u957f\u6309\u65f6\u89e6\u53d1",
              "type": "toggle",
              "content": ["id_advanced_magic_combo_config[1]", 8, 22, 1]
          },
          {
              "showIf": "{id_advanced_magic_combo_config0} != 0",
              "label": "\u7ec4\u5408\u952e\u4ec5\u5728\u70b9\u51fb\u65f6\u89e6\u53d1",
              "type": "toggle",
              "content": ["id_advanced_magic_combo_config[2]", 8, 22, 2]
          },
          {
              "showIf": "{id_advanced_magic_combo_config0} != 0",
              "label": "\u7ec4\u5408\u952e\u4ec5\u6309\u987a\u5e8f\u6309\u4e0b\u6309\u952e\u65f6\u89e6\u53d1",
              "type": "toggle",
              "content": ["id_advanced_magic_combo_config[3]", 8, 22, 3]
          },
          {
              "showIf": "{id_advanced_magic_combo_config0} != 0",
              "label": "\u7ec4\u5408\u952e\u5224\u5b9a\u65f6\u95f4(ms)",
              "type": "range",
              "options": [0, 1000],
              "content": ["id_advanced_magic_combo_term", 8, 23]
          },
          {
              "showIf": "{id_advanced_magic_combo_config0} != 0",
              "label": "\u7ec4\u5408\u952e\u957f\u6309\u5224\u5b9a\u65f6\u95f4(ms)",
              "type": "range",
              "options": [0, 1000],
              "content": ["id_advanced_magic_combo_hold_term", 8, 24]
          }
      ]
  },
        {
          "label": "\u9f20\u6807\u952e\u8bbe\u7f6e",
          "content": [
              {
                  "label": "\u6309\u4e0b\u79fb\u52a8\u952e\u548c\u5149\u6807\u79fb\u52a8\u4e4b\u95f4\u7684\u5ef6\u8fdf",
                  "type": "range",
                  "options": [0, 255],
                  "content": ["id_advanced_magic_mk_delay", 8, 2]
              },
              {
                  "label": "\u5149\u6807\u79fb\u52a8\u4e4b\u95f4\u7684\u95f4\u9694\u65f6\u95f4(ms)",
                  "type": "range",
                  "options": [0, 255],
                  "content": ["id_advanced_magic_mk_interval", 8, 3]
              },
              {
                  "label": "\u79fb\u52a8\u6b65\u957f",
                  "type": "range",
                  "options": [0, 255],
                  "content": ["id_advanced_magic_mk_move_delta", 8, 4]
              },
              {
                  "label": "\u5149\u6807\u505c\u6b62\u52a0\u901f\u65f6\u7684\u6700\u5927\u901f\u5ea6",
                  "type": "range",
                  "options": [0, 255],
                  "content": ["id_advanced_magic_mk_max_speed", 8, 5]
              },
              {
                  "label": "\u5149\u6807\u8fbe\u5230\u6700\u5927\u901f\u5ea6\u7684\u65f6\u95f4",
                  "type": "range",
                  "options": [0, 255],
                  "content": ["id_advanced_magic_mk_time_to_max", 8, 6]
              },
              {
                  "label": "\u6309\u4e0b\u6eda\u8f6e\u952e\u548c\u6eda\u8f6e\u79fb\u52a8\u4e4b\u95f4\u7684\u5ef6\u8fdf",
                  "type": "range",
                  "options": [0, 255],
                  "content": ["id_advanced_magic_mk_wheel_delay", 8, 7]
              },
              {
                  "label": "\u6eda\u8f6e\u79fb\u52a8\u4e4b\u95f4\u7684\u95f4\u9694\u65f6\u95f4(\u6beb\u79d2)",
                  "type": "range",
                  "options": [0, 255],
                  "content": ["id_advanced_magic_mk_wheel_interval", 8, 8]
              },
              {
                  "label": "\u6bcf\u6b21\u6eda\u8f6e\u52a8\u4f5c\u7684\u6700\u5927\u6eda\u8f6e\u6b65\u6570",
                  "type": "range",
                  "options": [0, 255],
                  "content": ["id_advanced_magic_mk_wheel_max_speed", 8, 9]
              },
              {
                  "label": "\u6eda\u8f6e\u8fbe\u5230\u6700\u5927\u6eda\u8f6e\u901f\u5ea6\u7684\u65f6\u95f4",
                  "type": "range",
                  "options": [0, 255],
                  "content": ["id_advanced_magic_mk_wheel_time_to_max", 8, 10]
              }
          ]
      } 
      ]
    },
    {
      "label": "\u6309\u952e\u590d\u7528",
      "content": [
        {  
          "label": "\u91cd\u7f6e\u6309\u952e\u590d\u7528",
          "content": [
           {
             "label": "\u91cd\u7f6e\u5168\u90e8\u6309\u952e\u590d\u7528\uff08\u952e\u76d8\u91cd\u542f\u540e\u751f\u6548\uff09",
             "type": "toggle",
             "content": ["id_dynamic_tap_dance_reset", 9, 0]
         }
       ]
       } ,
        {
          "label": "\u6309\u952e\u590d\u7528(0)-0X5700",
          "content": [
            {
              "label": "\u5355\u51fb",
              "type": "keycode",
              "content": [
                "id_dynamic_tap_dance_on_tap_keycode[0]",
                9,
                1,
                0
              ]
            },
            {
              "label": "\u957f\u6309",
              "type": "keycode",
              "content": [
                "id_dynamic_tap_dance_on_hold_keycode[0]",
                9,
                2,
                0
              ]
            },
            {
              "label": "\u53cc\u51fb",
              "type": "keycode",
              "content": [
                "id_dynamic_tap_dance_on_double_tap_keycode[0]",
                9,
                3,
                0
              ]
            },
            {
              "label": "\u53cc\u51fb\u5e76\u957f\u6309",
              "type": "keycode",
              "content": [
                "id_dynamic_tap_dance_on_tap_hold_keycode[0]",
                9,
                4,
                0
              ]
            },   
            {
              "label": "\u5355\u51fb\u5224\u5b9a\u65f6\u95f4(ms)",
              "type": "range",
              "options": [
                0,
                1000
              ],
              "content": [
                "id_dynamic_tap_dance_tapping_term[0]",
                9,
                5,
                0
              ]
            },
            {
              "label": "\u53cc\u51fb\u5feb\u901f\u89e6\u53d1",
              "type": "toggle",
              "content": ["id_dynamic_tap_dance_quick_tap[0]", 9, 6, 0]
            },
            {
              "label": "\u6309\u4e0b\u0054\u0044\u952e\u4e0e\u5176\u4ed6\u952e\u65f6\uff0c\u5f3a\u5236\u89e6\u53d1\u5355\u51fb\u952e\u7801",
              "type": "toggle",
              "content": ["id_dynamic_tap_dance_interrupted_tap_focus[0]", 9, 7, 0]
            }
          ]
        },
        {
          "label": "\u6309\u952e\u590d\u7528(1)-0X5701",
          "content": [
            {
              "label": "\u5355\u51fb",
              "type": "keycode",
              "content": [
                "id_dynamic_tap_dance_on_tap_keycode[1]",
                9,
                1,
                1
              ]
            },
            {
              "label": "\u957f\u6309",
              "type": "keycode",
              "content": [
                "id_dynamic_tap_dance_on_hold_keycode[1]",
                9,
                2,
                1
              ]
            },
            {
              "label": "\u53cc\u51fb",
              "type": "keycode",
              "content": [
                "id_dynamic_tap_dance_on_double_tap_keycode[1]",
                9,
                3,
                1
              ]
            },
            {
              "label": "\u53cc\u51fb\u5e76\u957f\u6309",
              "type": "keycode",
              "content": [
                "id_dynamic_tap_dance_on_tap_hold_keycode[1]",
                9,
                4,
                1
              ]
            }, 
            {
              "label": "\u5355\u51fb\u5224\u5b9a\u65f6\u95f4(ms)",
              "type": "range",
              "options": [
                0,
                1000
              ],
              "content": [
                "id_dynamic_tap_dance_tapping_term[1]",
                9,
                5,
                1
              ]
            },
            {
              "label": "\u53cc\u51fb\u5feb\u901f\u89e6\u53d1",
              "type": "toggle",
              "content": ["id_dynamic_tap_dance_quick_tap[1]", 9, 6, 1]
            },
            {
              "label": "\u6309\u4e0b\u0054\u0044\u952e\u4e0e\u5176\u4ed6\u952e\u65f6\uff0c\u5f3a\u5236\u89e6\u53d1\u5355\u51fb\u952e\u7801",
              "type": "toggle",
              "content": ["id_dynamic_tap_dance_interrupted_tap_focus[1]", 9, 7, 1]
            }
          ]
        },
        {
          "label": "\u6309\u952e\u590d\u7528(2)-0X5702",
          "content": [
            {
              "label": "\u5355\u51fb",
              "type": "keycode",
              "content": [
                "id_dynamic_tap_dance_on_tap_keycode[2]",
                9,
                1,
                2
              ]
            },
            {
              "label": "\u957f\u6309",
              "type": "keycode",
              "content": [
                "id_dynamic_tap_dance_on_hold_keycode[2]",
                9,
                2,
                2
              ]
            },
            {
              "label": "\u53cc\u51fb",
              "type": "keycode",
              "content": [
                "id_dynamic_tap_dance_on_double_tap_keycode[2]",
                9,
                3,
                2
              ]
            },
            {
              "label": "\u53cc\u51fb\u5e76\u957f\u6309",
              "type": "keycode",
              "content": [
                "id_dynamic_tap_dance_on_tap_hold_keycode[2]",
                9,
                4,
                2
              ]
            },
            {
              "label": "\u5355\u51fb\u5224\u5b9a\u65f6\u95f4(ms)",
              "type": "range",
              "options": [
                0,
                1000
              ],
              "content": [
                "id_dynamic_tap_dance_tapping_term[2]",
                9,
                5,
                2
              ]
            },
            {
              "label": "\u53cc\u51fb\u5feb\u901f\u89e6\u53d1",
              "type": "toggle",
              "content": ["id_dynamic_tap_dance_quick_tap[2]", 9, 6, 2]
            },
            {
              "label": "\u6309\u4e0b\u0054\u0044\u952e\u4e0e\u5176\u4ed6\u952e\u65f6\uff0c\u5f3a\u5236\u89e6\u53d1\u5355\u51fb\u952e\u7801",
              "type": "toggle",
              "content": ["id_dynamic_tap_dance_interrupted_tap_focus[2]", 9, 7, 2]
            }
          ]
        },
        {
          "label": "\u6309\u952e\u590d\u7528(3)-0X5703",
          "content": [
            {
              "label": "\u5355\u51fb",
              "type": "keycode",
              "content": [
                "id_dynamic_tap_dance_on_tap_keycode[3]",
                9,
                1,
                3
              ]
            },
            {
              "label": "\u957f\u6309",
              "type": "keycode",
              "content": [
                "id_dynamic_tap_dance_on_hold_keycode[3]",
                9,
                2,
                3
              ]
            },
            {
              "label": "\u53cc\u51fb",
              "type": "keycode",
              "content": [
                "id_dynamic_tap_dance_on_double_tap_keycode[3]",
                9,
                3,
                3
              ]
            },
            {
              "label": "\u53cc\u51fb\u5e76\u957f\u6309",
              "type": "keycode",
              "content": [
                "id_dynamic_tap_dance_on_tap_hold_keycode[3]",
                9,
                4,
                3
              ]
            },
            {
              "label": "\u5355\u51fb\u5224\u5b9a\u65f6\u95f4(ms)",
              "type": "range",
              "options": [
                0,
                1000
              ],
              "content": [
                "id_dynamic_tap_dance_tapping_term[3]",
                9,
                5,
                3
              ]
            },
            {
              "label": "\u53cc\u51fb\u5feb\u901f\u89e6\u53d1",
              "type": "toggle",
              "content": ["id_dynamic_tap_dance_quick_tap[3]", 9, 6, 3]
            },
            {
              "label": "\u6309\u4e0b\u0054\u0044\u952e\u4e0e\u5176\u4ed6\u952e\u65f6\uff0c\u5f3a\u5236\u89e6\u53d1\u5355\u51fb\u952e\u7801",
              "type": "toggle",
              "content": ["id_dynamic_tap_dance_interrupted_tap_focus[3]", 9, 7, 3]
            }
          ]
        },
        {
          "label": "\u6309\u952e\u590d\u7528(4)-0X5704",
          "content": [
            {
              "label": "\u5355\u51fb",
              "type": "keycode",
              "content": [
                "id_dynamic_tap_dance_on_tap_keycode[4]",
                9,
                1,
                4
              ]
            },
            {
              "label": "\u957f\u6309",
              "type": "keycode",
              "content": [
                "id_dynamic_tap_dance_on_hold_keycode[4]",
                9,
                2,
                4
              ]
            },
            {
              "label": "\u53cc\u51fb",
              "type": "keycode",
              "content": [
                "id_dynamic_tap_dance_on_double_tap_keycode[4]",
                9,
                3,
                4
              ]
            },
            {
              "label": "\u53cc\u51fb\u5e76\u957f\u6309",
              "type": "keycode",
              "content": [
                "id_dynamic_tap_dance_on_tap_hold_keycode[4]",
                9,
                4,
                4
              ]
            },
            {
              "label": "\u5355\u51fb\u5224\u5b9a\u65f6\u95f4(ms)",
              "type": "range",
              "options": [
                0,
                1000
              ],
              "content": [
                "id_dynamic_tap_dance_tapping_term[4]",
                9,
                5,
                4
              ]
            },
            {
              "label": "\u53cc\u51fb\u5feb\u901f\u89e6\u53d1",
              "type": "toggle",
              "content": ["id_dynamic_tap_dance_quick_tap[4]", 9, 6, 4]
            },
            {
              "label": "\u6309\u4e0b\u0054\u0044\u952e\u4e0e\u5176\u4ed6\u952e\u65f6\uff0c\u5f3a\u5236\u89e6\u53d1\u5355\u51fb\u952e\u7801",
              "type": "toggle",
              "content": ["id_dynamic_tap_dance_interrupted_tap_focus[4]", 9, 7, 4]
            }
          ]
        },
        {
          "label": "\u6309\u952e\u590d\u7528(5)-0X5705",
          "content": [
            {
              "label": "\u5355\u51fb",
              "type": "keycode",
              "content": [
                "id_dynamic_tap_dance_on_tap_keycode[5]",
                9,
                1,
                5
              ]
            },
            {
              "label": "\u957f\u6309",
              "type": "keycode",
              "content": [
                "id_dynamic_tap_dance_on_hold_keycode[5]",
                9,
                2,
                5
              ]
            },
            {
              "label": "\u53cc\u51fb",
              "type": "keycode",
              "content": [
                "id_dynamic_tap_dance_on_double_tap_keycode[5]",
                9,
                3,
                5
              ]
            },
            {
              "label": "\u53cc\u51fb\u5e76\u957f\u6309",
              "type": "keycode",
              "content": [
                "id_dynamic_tap_dance_on_tap_hold_keycode[5]",
                9,
                4,
                5
              ]
            },
            {
              "label": "\u5355\u51fb\u5224\u5b9a\u65f6\u95f4(ms)",
              "type": "range",
              "options": [
                0,
                1000
              ],
              "content": [
                "id_dynamic_tap_dance_tapping_term[5]",
                9,
                5,
                5
              ]
            },
            {
              "label": "\u53cc\u51fb\u5feb\u901f\u89e6\u53d1",
              "type": "toggle",
              "content": ["id_dynamic_tap_dance_quick_tap[5]", 9, 6, 5]
            },
            {
              "label": "\u6309\u4e0b\u0054\u0044\u952e\u4e0e\u5176\u4ed6\u952e\u65f6\uff0c\u5f3a\u5236\u89e6\u53d1\u5355\u51fb\u952e\u7801",
              "type": "toggle",
              "content": ["id_dynamic_tap_dance_interrupted_tap_focus[5]", 9, 7, 5]
            }
          ]
        },
        {
          "label": "\u6309\u952e\u590d\u7528(6)-0X5706",
          "content": [
            {
              "label": "\u5355\u51fb",
              "type": "keycode",
              "content": [
                "id_dynamic_tap_dance_on_tap_keycode[6]",
                9,
                1,
                6
              ]
            },
            {
              "label": "\u957f\u6309",
              "type": "keycode",
              "content": [
                "id_dynamic_tap_dance_on_hold_keycode[6]",
                9,
                2,
                6
              ]
            },
            {
              "label": "\u53cc\u51fb",
              "type": "keycode",
              "content": [
                "id_dynamic_tap_dance_on_double_tap_keycode[6]",
                9,
                3,
                6
              ]
            },
            {
              "label": "\u53cc\u51fb\u5e76\u957f\u6309",
              "type": "keycode",
              "content": [
                "id_dynamic_tap_dance_on_tap_hold_keycode[6]",
                9,
                4,
                6
              ]
            },
            {
              "label": "\u5355\u51fb\u5224\u5b9a\u65f6\u95f4(ms)",
              "type": "range",
              "options": [
                0,
                1000
              ],
              "content": [
                "id_dynamic_tap_dance_tapping_term[6]",
                9,
                5,
                6
              ]
            },
            {
              "label": "\u53cc\u51fb\u5feb\u901f\u89e6\u53d1",
              "type": "toggle",
              "content": ["id_dynamic_tap_dance_quick_tap[6]", 9, 6, 6]
            },
            {
              "label": "\u6309\u4e0b\u0054\u0044\u952e\u4e0e\u5176\u4ed6\u952e\u65f6\uff0c\u5f3a\u5236\u89e6\u53d1\u5355\u51fb\u952e\u7801",
              "type": "toggle",
              "content": ["id_dynamic_tap_dance_interrupted_tap_focus[6]", 9, 7, 6]
            }
          ]
        },
        {
          "label": "\u6309\u952e\u590d\u7528(7)-0X5707",
          "content": [
            {
              "label": "\u5355\u51fb",
              "type": "keycode",
              "content": [
                "id_dynamic_tap_dance_on_tap_keycode[7]",
                9,
                1,
                7
              ]
            },
            {
              "label": "\u957f\u6309",
              "type": "keycode",
              "content": [
                "id_dynamic_tap_dance_on_hold_keycode[7]",
                9,
                2,
                7
              ]
            },
            {
              "label": "\u53cc\u51fb",
              "type": "keycode",
              "content": [
                "id_dynamic_tap_dance_on_double_tap_keycode[7]",
                9,
                3,
                7
              ]
            },
            {
              "label": "\u53cc\u51fb\u5e76\u957f\u6309",
              "type": "keycode",
              "content": [
                "id_dynamic_tap_dance_on_tap_hold_keycode[7]",
                9,
                4,
                7
              ]
            },
            {
              "label": "\u5355\u51fb\u5224\u5b9a\u65f6\u95f4(ms)",
              "type": "range",
              "options": [
                0,
                1000
              ],
              "content": [
                "id_dynamic_tap_dance_tapping_term[7]",
                9,
                5,
                7
              ]
            },
            {
              "label": "\u53cc\u51fb\u5feb\u901f\u89e6\u53d1",
              "type": "toggle",
              "content": ["id_dynamic_tap_dance_quick_tap[7]", 9, 6, 7]
            },
            {
              "label": "\u6309\u4e0b\u0054\u0044\u952e\u4e0e\u5176\u4ed6\u952e\u65f6\uff0c\u5f3a\u5236\u89e6\u53d1\u5355\u51fb\u952e\u7801",
              "type": "toggle",
              "content": ["id_dynamic_tap_dance_interrupted_tap_focus[7]", 9, 7, 7]
            }
          ]
        },
        {
          "label": "\u6309\u952e\u590d\u7528(8)-0X5708",
          "content": [
            {
              "label": "\u5355\u51fb",
              "type": "keycode",
              "content": [
                "id_dynamic_tap_dance_on_tap_keycode[8]",
                9,
                1,
                8
              ]
            },
            {
              "label": "\u957f\u6309",
              "type": "keycode",
              "content": [
                "id_dynamic_tap_dance_on_hold_keycode[8]",
                9,
                2,
                8
              ]
            },
            {
              "label": "\u53cc\u51fb",
              "type": "keycode",
              "content": [
                "id_dynamic_tap_dance_on_double_tap_keycode[8]",
                9,
                3,
                8
              ]
            },
            {
              "label": "\u53cc\u51fb\u5e76\u957f\u6309",
              "type": "keycode",
              "content": [
                "id_dynamic_tap_dance_on_tap_hold_keycode[8]",
                9,
                4,
                8
              ]
            },
            {
              "label": "\u5355\u51fb\u5224\u5b9a\u65f6\u95f4(ms)",
              "type": "range",
              "options": [
                0,
                1000
              ],
              "content": [
                "id_dynamic_tap_dance_tapping_term[8]",
                9,
                5,
                8
              ]
            },
            {
              "label": "\u53cc\u51fb\u5feb\u901f\u89e6\u53d1",
              "type": "toggle",
              "content": ["id_dynamic_tap_dance_quick_tap[8]", 9, 6, 8]
            },
            {
              "label": "\u6309\u4e0b\u0054\u0044\u952e\u4e0e\u5176\u4ed6\u952e\u65f6\uff0c\u5f3a\u5236\u89e6\u53d1\u5355\u51fb\u952e\u7801",
              "type": "toggle",
              "content": ["id_dynamic_tap_dance_interrupted_tap_focus[8]", 9, 7, 8]
            }
          ]
        },
        {
          "label": "\u6309\u952e\u590d\u7528(9)-0X5709",
          "content": [
            {
              "label": "\u5355\u51fb",
              "type": "keycode",
              "content": [
                "id_dynamic_tap_dance_on_tap_keycode[9]",
                9,
                1,
                9
              ]
            },
            {
              "label": "\u957f\u6309",
              "type": "keycode",
              "content": [
                "id_dynamic_tap_dance_on_hold_keycode[9]",
                9,
                2,
                9
              ]
            },
            {
              "label": "\u53cc\u51fb",
              "type": "keycode",
              "content": [
                "id_dynamic_tap_dance_on_double_tap_keycode[9]",
                9,
                3,
                9
              ]
            },
            {
              "label": "\u53cc\u51fb\u5e76\u957f\u6309",
              "type": "keycode",
              "content": [
                "id_dynamic_tap_dance_on_tap_hold_keycode[9]",
                9,
                4,
                9
              ]
            },
            {
              "label": "\u5355\u51fb\u5224\u5b9a\u65f6\u95f4(ms)",
              "type": "range",
              "options": [
                0,
                1000
              ],
              "content": [
                "id_dynamic_tap_dance_tapping_term[9]",
                9,
                5,
                9
              ]
            },
            {
              "label": "\u53cc\u51fb\u5feb\u901f\u89e6\u53d1",
              "type": "toggle",
              "content": ["id_dynamic_tap_dance_quick_tap[9]", 9, 6, 9]
            },
            {
              "label": "\u6309\u4e0b\u0054\u0044\u952e\u4e0e\u5176\u4ed6\u952e\u65f6\uff0c\u5f3a\u5236\u89e6\u53d1\u5355\u51fb\u952e\u7801",
              "type": "toggle",
              "content": ["id_dynamic_tap_dance_interrupted_tap_focus[9]", 9, 7, 9]
            }
          ]
        }
        ,
        {
          "label": "\u6309\u952e\u590d\u7528(10)-0X570A",
          "content": [
            {
              "label": "\u5355\u51fb",
              "type": "keycode",
              "content": [
                "id_dynamic_tap_dance_on_tap_keycode[10]",
                9,
                1,
                10
              ]
            },
            {
              "label": "\u957f\u6309",
              "type": "keycode",
              "content": [
                "id_dynamic_tap_dance_on_hold_keycode[10]",
                9,
                2,
                10
              ]
            },
            {
              "label": "\u53cc\u51fb",
              "type": "keycode",
              "content": [
                "id_dynamic_tap_dance_on_double_tap_keycode[10]",
                9,
                3,
                10
              ]
            },
            {
              "label": "\u53cc\u51fb\u5e76\u957f\u6309",
              "type": "keycode",
              "content": [
                "id_dynamic_tap_dance_on_tap_hold_keycode[10]",
                9,
                4,
                10
              ]
            },
            {
              "label": "\u5355\u51fb\u5224\u5b9a\u65f6\u95f4(ms)",
              "type": "range",
              "options": [
                0,
                1000
              ],
              "content": [
                "id_dynamic_tap_dance_tapping_term[10]",
                9,
                5,
                10
              ]
            },
            {
              "label": "\u53cc\u51fb\u5feb\u901f\u89e6\u53d1",
              "type": "toggle",
              "content": ["id_dynamic_tap_dance_quick_tap[10]", 9, 6, 10]
            },
            {
              "label": "\u6309\u4e0b\u0054\u0044\u952e\u4e0e\u5176\u4ed6\u952e\u65f6\uff0c\u5f3a\u5236\u89e6\u53d1\u5355\u51fb\u952e\u7801",
              "type": "toggle",
              "content": ["id_dynamic_tap_dance_interrupted_tap_focus[10]", 9, 7, 10]
            }
          ]
        }
        ,
        {
          "label": "\u6309\u952e\u590d\u7528(11)-0X570B",
          "content": [
            {
              "label": "\u5355\u51fb",
              "type": "keycode",
              "content": [
                "id_dynamic_tap_dance_on_tap_keycode[11]",
                9,
                1,
                11
              ]
            },
            {
              "label": "\u957f\u6309",
              "type": "keycode",
              "content": [
                "id_dynamic_tap_dance_on_hold_keycode[11]",
                9,
                2,
                11
              ]
            },
            {
              "label": "\u53cc\u51fb",
              "type": "keycode",
              "content": [
                "id_dynamic_tap_dance_on_double_tap_keycode[11]",
                9,
                3,
                11
              ]
            },
            {
              "label": "\u53cc\u51fb\u5e76\u957f\u6309",
              "type": "keycode",
              "content": [
                "id_dynamic_tap_dance_on_tap_hold_keycode[11]",
                9,
                4,
                11
              ]
            },
            {
              "label": "\u5355\u51fb\u5224\u5b9a\u65f6\u95f4(ms)",
              "type": "range",
              "options": [
                0,
                1000
              ],
              "content": [
                "id_dynamic_tap_dance_tapping_term[11]",
                9,
                5,
                11
              ]
            },
            {
              "label": "\u53cc\u51fb\u5feb\u901f\u89e6\u53d1",
              "type": "toggle",
              "content": ["id_dynamic_tap_dance_quick_tap[11]", 9, 6, 11]
            },
            {
              "label": "\u6309\u4e0b\u0054\u0044\u952e\u4e0e\u5176\u4ed6\u952e\u65f6\uff0c\u5f3a\u5236\u89e6\u53d1\u5355\u51fb\u952e\u7801",
              "type": "toggle",
              "content": ["id_dynamic_tap_dance_interrupted_tap_focus[11]", 9, 7, 11]
            }
          ]
        }
        ,
        {
          "label": "\u6309\u952e\u590d\u7528(12)-0X570C",
          "content": [
            {
              "label": "\u5355\u51fb",
              "type": "keycode",
              "content": [
                "id_dynamic_tap_dance_on_tap_keycode[12]",
                9,
                1,
                12
              ]
            },
            {
              "label": "\u957f\u6309",
              "type": "keycode",
              "content": [
                "id_dynamic_tap_dance_on_hold_keycode[12]",
                9,
                2,
                12
              ]
            },
            {
              "label": "\u53cc\u51fb",
              "type": "keycode",
              "content": [
                "id_dynamic_tap_dance_on_double_tap_keycode[12]",
                9,
                3,
                12
              ]
            },
            {
              "label": "\u53cc\u51fb\u5e76\u957f\u6309",
              "type": "keycode",
              "content": [
                "id_dynamic_tap_dance_on_tap_hold_keycode[12]",
                9,
                4,
                12
              ]
            },
            {
              "label": "\u5355\u51fb\u5224\u5b9a\u65f6\u95f4(ms)",
              "type": "range",
              "options": [
                0,
                1000
              ],
              "content": [
                "id_dynamic_tap_dance_tapping_term[12]",
                9,
                5,
                12
              ]
            },
            {
              "label": "\u53cc\u51fb\u5feb\u901f\u89e6\u53d1",
              "type": "toggle",
              "content": ["id_dynamic_tap_dance_quick_tap[12]", 9, 6, 12]
            },
            {
              "label": "\u6309\u4e0b\u0054\u0044\u952e\u4e0e\u5176\u4ed6\u952e\u65f6\uff0c\u5f3a\u5236\u89e6\u53d1\u5355\u51fb\u952e\u7801",
              "type": "toggle",
              "content": ["id_dynamic_tap_dance_interrupted_tap_focus[12]", 9, 7, 12]
            }
          ]
        }        ,
        {
          "label": "\u6309\u952e\u590d\u7528(13)-0X570D",
          "content": [
            {
              "label": "\u5355\u51fb",
              "type": "keycode",
              "content": [
                "id_dynamic_tap_dance_on_tap_keycode[13]",
                9,
                1,
                13
              ]
            },
            {
              "label": "\u957f\u6309",
              "type": "keycode",
              "content": [
                "id_dynamic_tap_dance_on_hold_keycode[13]",
                9,
                2,
                13
              ]
            },
            {
              "label": "\u53cc\u51fb",
              "type": "keycode",
              "content": [
                "id_dynamic_tap_dance_on_double_tap_keycode[13]",
                9,
                3,
                13
              ]
            },
            {
              "label": "\u53cc\u51fb\u5e76\u957f\u6309",
              "type": "keycode",
              "content": [
                "id_dynamic_tap_dance_on_tap_hold_keycode[13]",
                9,
                4,
                13
              ]
            },
            {
              "label": "\u5355\u51fb\u5224\u5b9a\u65f6\u95f4(ms)",
              "type": "range",
              "options": [
                0,
                1000
              ],
              "content": [
                "id_dynamic_tap_dance_tapping_term[13]",
                9,
                5,
                13
              ]
            },
            {
              "label": "\u53cc\u51fb\u5feb\u901f\u89e6\u53d1",
              "type": "toggle",
              "content": ["id_dynamic_tap_dance_quick_tap[13]", 9, 6, 13]
            },
            {
              "label": "\u6309\u4e0b\u0054\u0044\u952e\u4e0e\u5176\u4ed6\u952e\u65f6\uff0c\u5f3a\u5236\u89e6\u53d1\u5355\u51fb\u952e\u7801",
              "type": "toggle",
              "content": ["id_dynamic_tap_dance_interrupted_tap_focus[13]", 9, 7, 13]
            }
          ]
        }        ,
        {
          "label": "\u6309\u952e\u590d\u7528(14)-0X570E",
          "content": [
            {
              "label": "\u5355\u51fb",
              "type": "keycode",
              "content": [
                "id_dynamic_tap_dance_on_tap_keycode[14]",
                9,
                1,
                14
              ]
            },
            {
              "label": "\u957f\u6309",
              "type": "keycode",
              "content": [
                "id_dynamic_tap_dance_on_hold_keycode[14]",
                9,
                2,
                14
              ]
            },
            {
              "label": "\u53cc\u51fb",
              "type": "keycode",
              "content": [
                "id_dynamic_tap_dance_on_double_tap_keycode[14]",
                9,
                3,
                14
              ]
            },
            {
              "label": "\u53cc\u51fb\u5e76\u957f\u6309",
              "type": "keycode",
              "content": [
                "id_dynamic_tap_dance_on_tap_hold_keycode[14]",
                9,
                4,
                14
              ]
            },
            {
              "label": "\u5355\u51fb\u5224\u5b9a\u65f6\u95f4(ms)",
              "type": "dropdown",
              "options": [
                ["0ms", 0],
                ["1ms", 1],
                ["2ms", 2],
                ["3ms", 3],
                ["4ms", 4],
                ["5ms", 5],
                ["6ms", 6],
                ["7ms", 7],
                ["8ms", 8],
                ["9ms", 9],
                ["10ms", 10],
                ["15ms", 15],
                ["20ms", 20],
                ["30ms", 30],
                ["40ms", 40],
                ["50ms", 50],
                ["70ms", 70],
                ["80ms", 80],
                ["90ms", 90],
                ["100ms", 100],
                ["150ms", 150],
                ["200ms", 200],
                ["250ms", 250]     
              ],
              "content": [
                "id_dynamic_tap_dance_tapping_term[14]",
                9,
                5,
                14
              ]
            },
            {
              "label": "\u53cc\u51fb\u5feb\u901f\u89e6\u53d1",
              "type": "toggle",
              "content": ["id_dynamic_tap_dance_quick_tap[14]", 9, 6, 14]
            },
            {
              "label": "\u6309\u4e0b\u0054\u0044\u952e\u4e0e\u5176\u4ed6\u952e\u65f6\uff0c\u5f3a\u5236\u89e6\u53d1\u5355\u51fb\u952e\u7801",
              "type": "toggle",
              "content": ["id_dynamic_tap_dance_interrupted_tap_focus[14]", 9, 7, 14]
            }
          ]
        }
      ]
    },
    {
      "label": "\u7ec4\u5408\u952e",
      "content": [  
        {  
           "label": "\u7ec4\u5408\u952e\u8bbe\u7f6e",
           "content": [
            {
              "label": "\u91cd\u7f6e\u5168\u90e8\u7ec4\u5408\u952e\uff08\u952e\u76d8\u91cd\u542f\u540e\u751f\u6548\uff09",
              "type": "button",
              "content": ["id_dynamic_combos_reset", 10, 0]
          }
        ]
        } ,             
        { 
           "label": "\u7ec4\u5408\u952e(0)",
          "content": [
            {
              "label": "\u7ec4\u5408\u952e\u952e\u503c 1",
              "type": "keycode",
              "content": [
                "id_dynamic_combos_keys[0][0]",
                10,
                1,
                0,
                0
              ]
            },
            {
              "label": "\u7ec4\u5408\u952e\u952e\u503c 2",
              "type": "keycode",
              "content": [
                "id_dynamic_combos_keys[0][1]",
                10,
                1,
                0,
                1
              ]
            },
            {
              "label": "\u7ec4\u5408\u952e\u952e\u503c 3",
              "type": "keycode",
              "content": [
                "id_dynamic_combos_keys[0][2]",
                10,
                1,
                0,
                2
              ]
            },
            {
              "label": "\u7ec4\u5408\u952e\u952e\u503c 4",
              "type": "keycode",
              "content": [
                "id_dynamic_combos_keys[0][3]",
                10,
                1,
                0,
                3
              ]
            },
            {
              "label": "\u7ec4\u5408\u952e\u8f93\u51fa\u952e\u503c",
              "type": "keycode",
              "content": [
                "id_dynamic_combos_keycode[0]",
                10,
                2,
                0
              ]
            },
            {
              "label": "\u7ec4\u5408\u952e\u5224\u5b9a\u65f6\u95f4",
              "type": "range",
              "options": [
                1,
                1000
              ],
              "content": [
                "id_dynamic_combos_combo_term[0]",
                10,
                3,
                0
              ]
            }
          ]
        },
        {
           "label": "\u7ec4\u5408\u952e(1)",
          "content": [
            {
              "label": "\u7ec4\u5408\u952e\u952e\u503c 1",
              "type": "keycode",
              "content": [
                "id_dynamic_combos_keys[1][0]",
                10,
                1,
                1,
                0
              ]
            },
            {
              "label": "\u7ec4\u5408\u952e\u952e\u503c 2",
              "type": "keycode",
              "content": [
                "id_dynamic_combos_keys[1][1]",
                10,
                1,
                1,
                1
              ]
            },
            {
              "label": "\u7ec4\u5408\u952e\u952e\u503c 3",
              "type": "keycode",
              "content": [
                "id_dynamic_combos_keys[1][2]",
                10,
                1,
                1,
                2
              ]
            },
            {
              "label": "\u7ec4\u5408\u952e\u952e\u503c 4",
              "type": "keycode",
              "content": [
                "id_dynamic_combos_keys[1][3]",
                10,
                1,
                1,
                3
              ]
            },
            {
              "label": "\u7ec4\u5408\u952e\u8f93\u51fa\u952e\u503c",
              "type": "keycode",
              "content": [
                "id_dynamic_combos_keycode[1]",
                10,
                2,
                1
              ]
            },
            {
              "label": "\u7ec4\u5408\u952e\u5224\u5b9a\u65f6\u95f4",
              "type": "range",
              "options": [
                1,
                1000
              ],
              "content": [
                "id_dynamic_combos_combo_term[1]",
                10,
                3,
                1
              ]
            }
          ]
        },
        {
           "label": "\u7ec4\u5408\u952e(2)",
          "content": [
            {
              "label": "\u7ec4\u5408\u952e\u952e\u503c 1",
              "type": "keycode",
              "content": [
                "id_dynamic_combos_keys[2][0]",
                10,
                1,
                2,
                0
              ]
            },
            {
              "label": "\u7ec4\u5408\u952e\u952e\u503c 2",
              "type": "keycode",
              "content": [
                "id_dynamic_combos_keys[2][1]",
                10,
                1,
                2,
                1
              ]
            },
            {
              "label": "\u7ec4\u5408\u952e\u952e\u503c 3",
              "type": "keycode",
              "content": [
                "id_dynamic_combos_keys[2][2]",
                10,
                1,
                2,
                2
              ]
            },
            {
              "label": "\u7ec4\u5408\u952e\u952e\u503c 4",
              "type": "keycode",
              "content": [
                "id_dynamic_combos_keys[2][3]",
                10,
                1,
                2,
                3
              ]
            },
            {
              "label": "\u7ec4\u5408\u952e\u8f93\u51fa\u952e\u503c",
              "type": "keycode",
              "content": [
                "id_dynamic_combos_keycode[2]",
                10,
                2,
                2
              ]
            },
            {
              "label": "\u7ec4\u5408\u952e\u5224\u5b9a\u65f6\u95f4",
              "type": "range",
              "options": [
                1,
                1000
              ],
              "content": [
                "id_dynamic_combos_combo_term[2]",
                10,
                3,
                2
              ]
            }
          ]
        },
        {
           "label": "\u7ec4\u5408\u952e(3)",
          "content": [
            {
              "label": "\u7ec4\u5408\u952e\u952e\u503c 1",
              "type": "keycode",
              "content": [
                "id_dynamic_combos_keys[3][0]",
                10,
                1,
                3,
                0
              ]
            },
            {
              "label": "\u7ec4\u5408\u952e\u952e\u503c 2",
              "type": "keycode",
              "content": [
                "id_dynamic_combos_keys[3][1]",
                10,
                1,
                3,
                1
              ]
            },
            {
              "label": "\u7ec4\u5408\u952e\u952e\u503c 3",
              "type": "keycode",
              "content": [
                "id_dynamic_combos_keys[3][2]",
                10,
                1,
                3,
                2
              ]
            },
            {
              "label": "\u7ec4\u5408\u952e\u952e\u503c 4",
              "type": "keycode",
              "content": [
                "id_dynamic_combos_keys[3][3]",
                10,
                1,
                3,
                3
              ]
            },
            {
              "label": "\u7ec4\u5408\u952e\u8f93\u51fa\u952e\u503c",
              "type": "keycode",
              "content": [
                "id_dynamic_combos_keycode[3]",
                10,
                2,
                3
              ]
            },
            {
              "label": "\u7ec4\u5408\u952e\u5224\u5b9a\u65f6\u95f4",
              "type": "range",
              "options": [
                1,
                1000
              ],
              "content": [
                "id_dynamic_combos_combo_term[3]",
                10,
                3,
                3
              ]
            }
          ]
        },
        {
           "label": "\u7ec4\u5408\u952e(4)",
          "content": [
            {
              "label": "\u7ec4\u5408\u952e\u952e\u503c 1",
              "type": "keycode",
              "content": [
                "id_dynamic_combos_keys[4][0]",
                10,
                1,
                4,
                0
              ]
            },
            {
              "label": "\u7ec4\u5408\u952e\u952e\u503c 2",
              "type": "keycode",
              "content": [
                "id_dynamic_combos_keys[4][1]",
                10,
                1,
                4,
                1
              ]
            },
            {
              "label": "\u7ec4\u5408\u952e\u952e\u503c 3",
              "type": "keycode",
              "content": [
                "id_dynamic_combos_keys[4][2]",
                10,
                1,
                4,
                2
              ]
            },
            {
              "label": "\u7ec4\u5408\u952e\u952e\u503c 4",
              "type": "keycode",
              "content": [
                "id_dynamic_combos_keys[4][3]",
                10,
                1,
                4,
                3
              ]
            },
            {
              "label": "\u7ec4\u5408\u952e\u8f93\u51fa\u952e\u503c",
              "type": "keycode",
              "content": [
                "id_dynamic_combos_keycode[4]",
                10,
                2,
                4
              ]
            },
            {
              "label": "\u7ec4\u5408\u952e\u5224\u5b9a\u65f6\u95f4",
              "type": "range",
              "options": [
                1,
                1000
              ],
              "content": [
                "id_dynamic_combos_combo_term[4]",
                10,
                3,
                4
              ]
            }
          ]
        },
        {
           "label": "\u7ec4\u5408\u952e(5)",
          "content": [
            {
              "label": "\u7ec4\u5408\u952e\u952e\u503c 1",
              "type": "keycode",
              "content": [
                "id_dynamic_combos_keys[5][0]",
                10,
                1,
                5,
                0
              ]
            },
            {
              "label": "\u7ec4\u5408\u952e\u952e\u503c 2",
              "type": "keycode",
              "content": [
                "id_dynamic_combos_keys[5][1]",
                10,
                1,
                5,
                1
              ]
            },
            {
              "label": "\u7ec4\u5408\u952e\u952e\u503c 3",
              "type": "keycode",
              "content": [
                "id_dynamic_combos_keys[5][2]",
                10,
                1,
                5,
                2
              ]
            },
            {
              "label": "\u7ec4\u5408\u952e\u952e\u503c 4",
              "type": "keycode",
              "content": [
                "id_dynamic_combos_keys[5][3]",
                10,
                1,
                5,
                3
              ]
            },
            {
              "label": "\u7ec4\u5408\u952e\u8f93\u51fa\u952e\u503c",
              "type": "keycode",
              "content": [
                "id_dynamic_combos_keycode[5]",
                10,
                2,
                5
              ]
            },
            {
              "label": "\u7ec4\u5408\u952e\u5224\u5b9a\u65f6\u95f4",
              "type": "range",
              "options": [
                1,
                1000
              ],
              "content": [
                "id_dynamic_combos_combo_term[5]",
                10,
                3,
                5
              ]
            }
          ]
        },
        {
           "label": "\u7ec4\u5408\u952e(6)",
          "content": [
            {
              "label": "\u7ec4\u5408\u952e\u952e\u503c 1",
              "type": "keycode",
              "content": [
                "id_dynamic_combos_keys[6][0]",
                10,
                1,
                6,
                0
              ]
            },
            {
              "label": "\u7ec4\u5408\u952e\u952e\u503c 2",
              "type": "keycode",
              "content": [
                "id_dynamic_combos_keys[6][1]",
                10,
                1,
                6,
                1
              ]
            },
            {
              "label": "\u7ec4\u5408\u952e\u952e\u503c 3",
              "type": "keycode",
              "content": [
                "id_dynamic_combos_keys[6][2]",
                10,
                1,
                6,
                2
              ]
            },
            {
              "label": "\u7ec4\u5408\u952e\u952e\u503c 4",
              "type": "keycode",
              "content": [
                "id_dynamic_combos_keys[6][3]",
                10,
                1,
                6,
                3
              ]
            },
            {
              "label": "\u7ec4\u5408\u952e\u8f93\u51fa\u952e\u503c",
              "type": "keycode",
              "content": [
                "id_dynamic_combos_keycode[6]",
                10,
                2,
                6
              ]
            },
            {
              "label": "\u7ec4\u5408\u952e\u5224\u5b9a\u65f6\u95f4",
              "type": "range",
              "options": [
                1,
                1000
              ],
              "content": [
                "id_dynamic_combos_combo_term[6]",
                10,
                3,
                6
              ]
            }
          ]
        },
        {
           "label": "\u7ec4\u5408\u952e(7)",
          "content": [
            {
              "label": "\u7ec4\u5408\u952e\u952e\u503c 1",
              "type": "keycode",
              "content": [
                "id_dynamic_combos_keys[7][0]",
                10,
                1,
                7,
                0
              ]
            },
            {
              "label": "\u7ec4\u5408\u952e\u952e\u503c 2",
              "type": "keycode",
              "content": [
                "id_dynamic_combos_keys[7][1]",
                10,
                1,
                7,
                1
              ]
            },
            {
              "label": "\u7ec4\u5408\u952e\u952e\u503c 3",
              "type": "keycode",
              "content": [
                "id_dynamic_combos_keys[7][2]",
                10,
                1,
                7,
                2
              ]
            },
            {
              "label": "\u7ec4\u5408\u952e\u952e\u503c 4",
              "type": "keycode",
              "content": [
                "id_dynamic_combos_keys[7][3]",
                10,
                1,
                7,
                3
              ]
            },
            {
              "label": "\u7ec4\u5408\u952e\u8f93\u51fa\u952e\u503c",
              "type": "keycode",
              "content": [
                "id_dynamic_combos_keycode[7]",
                10,
                2,
                7
              ]
            },
            {
              "label": "\u7ec4\u5408\u952e\u5224\u5b9a\u65f6\u95f4",
              "type": "range",
              "options": [
                1,
                1000
              ],
              "content": [
                "id_dynamic_combos_combo_term[7]",
                10,
                3,
                7
              ]
            }
          ]
        },
        {
           "label": "\u7ec4\u5408\u952e(8)",
          "content": [
            {
              "label": "\u7ec4\u5408\u952e\u952e\u503c 1",
              "type": "keycode",
              "content": [
                "id_dynamic_combos_keys[8][0]",
                10,
                1,
                8,
                0
              ]
            },
            {
              "label": "\u7ec4\u5408\u952e\u952e\u503c 2",
              "type": "keycode",
              "content": [
                "id_dynamic_combos_keys[8][1]",
                10,
                1,
                8,
                1
              ]
            },
            {
              "label": "\u7ec4\u5408\u952e\u952e\u503c 3",
              "type": "keycode",
              "content": [
                "id_dynamic_combos_keys[8][2]",
                10,
                1,
                8,
                2
              ]
            },
            {
              "label": "\u7ec4\u5408\u952e\u952e\u503c 4",
              "type": "keycode",
              "content": [
                "id_dynamic_combos_keys[8][3]",
                10,
                1,
                8,
                3
              ]
            },
            {
              "label": "\u7ec4\u5408\u952e\u8f93\u51fa\u952e\u503c",
              "type": "keycode",
              "content": [
                "id_dynamic_combos_keycode[8]",
                10,
                2,
                8
              ]
            },
            {
              "label": "\u7ec4\u5408\u952e\u5224\u5b9a\u65f6\u95f4",
              "type": "range",
              "options": [
                1,
                1000
              ],
              "content": [
                "id_dynamic_combos_combo_term[8]",
                10,
                3,
                8
              ]
            }
          ]
        },
        {
           "label": "\u7ec4\u5408\u952e(9)",
          "content": [
            {
              "label": "\u7ec4\u5408\u952e\u952e\u503c 1",
              "type": "keycode",
              "content": [
                "id_dynamic_combos_keys[9][0]",
                10,
                1,
                9,
                0
              ]
            },
            {
              "label": "\u7ec4\u5408\u952e\u952e\u503c 2",
              "type": "keycode",
              "content": [
                "id_dynamic_combos_keys[9][1]",
                10,
                1,
                9,
                1
              ]
            },
            {
              "label": "\u7ec4\u5408\u952e\u952e\u503c 3",
              "type": "keycode",
              "content": [
                "id_dynamic_combos_keys[9][2]",
                10,
                1,
                9,
                2
              ]
            },
            {
              "label": "\u7ec4\u5408\u952e\u952e\u503c 4",
              "type": "keycode",
              "content": [
                "id_dynamic_combos_keys[9][3]",
                10,
                1,
                9,
                3
              ]
            },
            {
              "label": "\u7ec4\u5408\u952e\u8f93\u51fa\u952e\u503c",
              "type": "keycode",
              "content": [
                "id_dynamic_combos_keycode[9]",
                10,
                2,
                9
              ]
            },
            {
              "label": "\u7ec4\u5408\u952e\u5224\u5b9a\u65f6\u95f4",
              "type": "range",
              "options": [
                1,
                1000
              ],
              "content": [
                "id_dynamic_combos_combo_term[9]",
                10,
                3,
                9
              ]
            }
          ]
          
        }

      ]
    }
  ],
  "matrix": {"rows": 6, "cols": 17},
  "layouts": {
    "labels": [
        "Split Backspace",
        "ISO enter",
        "Split LShift",
        "Split RShift",
        [
            "Bottom Row",
            "7U",
            "6.25U"
        ]
    ],
    "keymap": [
        ["0,0",{"x":1},"0,2","0,3","0,4","0,5",{"x":0.5},"0,6","0,7","0,8","0,9",{"x":0.5},"0,10","0,11","0,12","0,13",{"x":0.25},"0,14","0,15","0,16"],
[{"y":0.5},"1,0","1,1","1,2","1,3","1,4","1,5","1,6","1,7","1,8","1,9","1,10","1,11","1,12",{"w":2},"1,13\n\n\n0,0","1,13\n\n\n0,1",{"x":-0.75},"1,14",{"x":-0.25},"2,13\n\n\n0,1",{"x":-0.75},"1,15","1,16"],
[{"w":1.5},"2,0","2,1","2,2","2,3","2,4","2,5","2,6","2,7","2,8","2,9","2,10","2,11","2,12",{"w":1.5},"3,12\n\n\n1,0",{"x":0.25},"2,14",{"x":-1,"w":1.25,"h":2,"w2":1.5,"h2":1,"x2":-0.25},"3,13\n\n\n1,1",{"x":-0.25},"2,15","2,16"],
[{"w":1.75},"3,0","3,1","3,2","3,3","3,4","3,5","3,6","3,7","3,8","3,9","3,10","3,11",{"w":2.25},"3,13\n\n\n1,0",{"x":-0.75},"3,12\n\n\n1,1"],
[{"w":2.25},"4,0\n\n\n2,0",{"w":1.25},"4,0\n\n\n2,1",{"x":-1.25},"4,2","4,3",{"x":-0.75},"4,1\n\n\n2,1",{"x":-0.25},"4,4","4,5","4,6","4,7","4,8","4,9","4,10","4,11",{"w":2.75},"4,12\n\n\n3,0",{"w":1.75},"4,12\n\n\n3,1",{"x":-0.5},"4,15",{"x":-0.5},"4,13\n\n\n3,1"],
[{"w":1.5},"5,0\n\n\n4,0","5,1\n\n\n4,0",{"w":1.5},"5,2\n\n\n4,0",{"w":7},"5,7\n\n\n4,0",{"w":1.5},"5,11\n\n\n4,0","5,12\n\n\n4,0",{"w":1.5},"5,13\n\n\n4,0",{"x":0.25},"5,14","5,15","5,16"],
[{"w":1.25},"5,0\n\n\n4,1",{"x":0.6,"w":1.25},"5,1\n\n\n4,1",{"w":1.25},"5,2\n\n\n4,1",{"w":6.25},"5,7\n\n\n4,1",{"w":1.25},"5,11\n\n\n4,1",{"w":1.25},"5,12\n\n\n4,1",{"x":0.65,"w":1.25},"5,13\n\n\n4,1"]


    ]
  }
}
