{
  "name": "Beacon 70",
  "vendorId": "0xAE86",
  "productId": "0x66B6",
  "matrix": { "rows": 5, "cols": 17 },
  "keycodes": ["qmk_lighting"],
  "menus": ["qmk_rgblight"],
  "layouts": {
    "presets": {
      "default": [ 0,0,0]
    },
        "labels": [
          ["\u7a7a\u683c", "6.25U", "7U", "7U WKL"],
               "\u4e03\u5b57\u56de\u8f66",
               "\u5206\u88c2\u53f3\u0053\u0068\u0069\u0066\u0074"
          ],
   "keymap": 
    [
  [{"c":"#cccccc"},
    "0,0",
    "0,1",
    "0,2",
    "0,3",
    "0,4",
    "0,5",
    "0,6",
    "0,7",
    "0,8",
    "0,9",
    "0,10",
    "0,11",
    "0,12",
    {"w":2},
    "0,13",
    {"x":0.25},
    "0,14",
    "0,15",
    "0,16"
  ],
  [
    {"w":1.5},
    "1,0",
    "1,1",
    "1,2",
    "1,3",
    "1,4",
    "1,5",
    "1,6",
    "1,7",
    "1,8",
    "1,9",
    "1,10",
    "1,11",
    "1,12",
    {"w":1.5},
    "1,13\n\n\n1,0",
    {"x":0.25},
    "1,14",
    "1,15",
    "1,16",
    {
      "x": 1.25,
      "w": 1.25,
      "h": 2,
      "w2": 1.5,
      "h2": 1,
      "x2": -0.25
    },
    "2,13\n\n\n1,1"
  ],
  [
    {"w":1.75},
    "2,0",
    "2,1",
    "2,2",
    "2,3",
    "2,4",
    "2,5",
    "2,6",
    "2,7",
    "2,8",
    "2,9",
    "2,10",
    "2,11",
    {
      "w": 2.25
    },
    "2,13\n\n\n1,0",
    {
      "x": 3.5
    },
    "1,13\n\n\n1,1"
  ],
  [
    {"w":2.25},
    "3,0",
    "3,1",
    "3,2",
    "3,3",
    "3,4",
    "3,5",
    "3,6",
    "3,7",
    "3,8",
    "3,9",
    "3,10",   
    {"w":1.75},
    "3,11\n\n\n2,0",
    "3,12\n\n\n2,0",
    {"x":1.25},
    "3,15",
    {"w":2.75},
    "3,11\n\n\n2,1"


  ],
  [
    {"w":1.25},
    "4,0\n\n\n0,0",
    {"w":1.25},
    "4,1\n\n\n0,0",
    {"w":1.25},
    "4,2\n\n\n0,0",
    {"w":6.25},
    "4,7\n\n\n0,0",
    {"w":1.25},
    "4,8\n\n\n0,0",
    {"w":1.25},
    "4,9\n\n\n0,0",
    {"w":1.25},
    "4,10\n\n\n0,0",
    {"w":1.25},
    "4,11\n\n\n0,0",
    {"x":0.25},
    "4,14",
    "4,15",
    "4,16"
  ],
  [
    {
      "y": 0.25,
      "w": 1.5
    },
    "4,0\n\n\n0,1",
    "4,1\n\n\n0,1",
    {
      "w": 1.5
    },
    "4,2\n\n\n0,1",
    {
      "w": 7
    },
    "4,7\n\n\n0,1",
    {
      "w": 1.5
    },
    "4,8\n\n\n0,1",
    "4,9\n\n\n0,1",
    {
      "w": 1.5
    },
    "4,11\n\n\n0,1"
  ],
  [
    {
      "y": 0.25,
      "w": 1.5
    },
    "4,0\n\n\n0,2",
    {
      "w": 1.5,"x":1
    },
    "4,2\n\n\n0,2",
    {
      "w": 7
    },
    "4,7\n\n\n0,2",
    {
      "w": 1.5
    },
    "4,8\n\n\n0,2",
    {
      "w": 1.5,"x":1
    },
    "4,11\n\n\n0,2"
  ]
  ]
  }
}
